author,document,relative_path,role,sha256,text_sha256,pc1,pc2
WilliamKazer,101226newsML.txt,C50train/WilliamKazer/101226newsML.txt,mystery,86ac77f503c7e16c2dc806cefb0575fd0101ff822ea4bba3e1e212fceab11a36,207aea7eb907b7f8b0bd4e1f4e1fd0a6b9dc686f38838e38cf39d5f8eccc3792,0.5501182991615167,0.14070206810579738
WilliamKazer,10321newsML.txt,C50train/WilliamKazer/10321newsML.txt,reference,f933540ab02974a6e737dc96f744b0a44504a2f8ac641c114556f276375724b3,0827f84246de72e930e5609b1d257145a4fe9024a77a09a5c4b1730b71c28b4c,0.9724743751077631,0.43881640127323346
WilliamKazer,105226newsML.txt,C50train/WilliamKazer/105226newsML.txt,reference,f8ff4cf891c3134e39083f2d0ce3dd2cfbd8db2ded42f0f260ca62fb5b5511f3,05de1d6a9017b3103b050210b78ba310fdf3e1afe8926b7cf47c6a75d7bf9446,1.4311969609670565,-0.5206061936275226
WilliamKazer,106731newsML.txt,C50train/WilliamKazer/106731newsML.txt,reference,3f36ecb8697d1479e20deb980ba7c8a119d9d41f455525c671fabc299c7b3c55,9a833afc31d74e4750320371dce5a320e17ca5d511e212bea67b79489932692d,-1.0115653970736025,-0.424131416023628
WilliamKazer,108094newsML.txt,C50train/WilliamKazer/108094newsML.txt,reference,2a27413eef3da665b0a1e40dc30d28c904993ff90db3a2449446bb6da69a00dc,5ac64cb78a7d38d55c3845098e136ecaf78b1fc69a6abfac27f127242f8d345c,0.07666388943116889,-1.806229795562245
WilliamKazer,113095newsML.txt,C50train/WilliamKazer/113095newsML.txt,reference,3caa62ab751b9500eb1917e947384ac588cafe8412491801e861247edab25566,1649e9381543fa6ba144c6ef2961cbc9ce06af463b7acff4976a8911b8c7f35f,-1.3119220856408502,-1.9542083805264352
WilliamKazer,113097newsML.txt,C50train/WilliamKazer/113097newsML.txt,reference,3eff671eee4393173ee7a012bbc07fbb76382a3aa6f5961b6128edb309ee3486,b04280ef511eb5de125b65fef74a1cab37910e087d7105ec5d88e0b9cfd291d9,0.5941793457220498,-3.878638414685697
WilliamKazer,115519newsML.txt,C50train/WilliamKazer/115519newsML.txt,reference,45d2f01e89d8eb242f625f74951a04523a5f5e0c412f71fccd76698636914831,870b5032c5aefc66ab574ea8d554a47ee2889fbcbc3b17d133e714fbab0a6336,0.3074997901989606,-0.7563127797380896
WilliamKazer,118912newsML.txt,C50train/WilliamKazer/118912newsML.txt,reference,c3c79d8bb6b53c98ed17b765145bffac6ac6ce177f952cc73e567ed79f9697b3,bd8f10f05b8e1f7aa217f90d9f9fa7ccb393f2fc8d8f66563944bf0bd592a68d,-0.02469632706160565,-0.28034535112106024
WilliamKazer,123484newsML.txt,C50train/WilliamKazer/123484newsML.txt,reference,697e0eaeaa13a40e82d1857730ed92f0f1ae5f6ed28af6a782ba4e9e91eb9c40,aa93908be34e354c7a188e42c34b898da46085032273c70491615c567cf690f1,2.5981294546123896,-1.5362571711262316
WilliamKazer,125333newsML.txt,C50train/WilliamKazer/125333newsML.txt,reference,7c86d1d6c7b6fd82e23413a86666612aa5a1ea6a62e1a6a6f9e65bac5bd5a3ef,202c9b59301c5662bb286302b902098c750f1d86ed3f9db581d7a9dbce5f38f1,-1.3658405312487871,0.4397344683713879
WilliamKazer,126643newsML.txt,C50train/WilliamKazer/126643newsML.txt,reference,a30e39369daa30aed24285f9137549557205980a66f4409e324adf1045745e43,d7b077f5a5bf46d2198f31d1bed114f5977ad1226b24e63abb975ef14c79c864,-0.8350626763615888,1.0106214740931025
WilliamKazer,12909newsML.txt,C50train/WilliamKazer/12909newsML.txt,reference,a86ac0f0406864d0ebc2ea00dedcc5918e911ac7712129963af8fcfe7bf6ff4b,c566f2fb10b36f963469ac5573b54a838069bea42ca33b52f6d1a4619cf7bda8,1.345870073807669,-3.524912672337605
WilliamKazer,129188newsML.txt,C50train/WilliamKazer/129188newsML.txt,reference,571600b424f7235e31a8806e8b68dc67d95fb21c0faf8e3abb310187fa4f1c85,e2a8dbc50d816f1275dd78e1ec4dcc52c19abb6dc642e4c349e52841d7df32ea,0.7753780916111358,-0.45764039399985007
WilliamKazer,143490newsML.txt,C50train/WilliamKazer/143490newsML.txt,reference,9788ca9dd9c39a34f822082120a4e76692d6e524dee2c49a12ef6663bd3e6d4f,aca8904e35bc9fbfaa396a9af02dead53a45ba57d8376daf07be9722320a4f4d,2.2070296849925053,-0.932748067268875
WilliamKazer,147523newsML.txt,C50train/WilliamKazer/147523newsML.txt,reference,ec9b5489e43f79de0a5eb79813f00284fa8543cadd6300795625225228a0189b,7c2cf2823c5c4408ba6f534975280821e5a099e97a31826bc62130aeb759decf,-1.5577123771788095,-0.0530732600664881
WilliamKazer,148885newsML.txt,C50train/WilliamKazer/148885newsML.txt,reference,51038cc5be1e46ca0be57dba14f3534fd58c95bdb733278f625f5f79d2a6535a,ba4f3964633f755cb2eebb1248598d4bd3bb782ec99cab400b91a79fe82b0b62,0.6037120807023107,-0.30880483580805335
WilliamKazer,153448newsML.txt,C50train/WilliamKazer/153448newsML.txt,reference,c5d3b6b85100e332757bd72ff9a562aeeec342849e9e8c2a550832771cf6d8c5,06c8120698120fb03fd346eb363625d4f3fb986f241a757814830b0f661ed6d8,0.806632921633588,-1.4262412577042094
WilliamKazer,165109newsML.txt,C50train/WilliamKazer/165109newsML.txt,reference,5bef2c858bd9852d9f15bca25d3276a80068cde9a3561f9ee8bd4b5b2bcaa1cf,4f6072e5a0554bbae3746bcba07ed097366504e22f4c1464da0d7c51a5b4d712,-2.1199246177055193,-0.20994990938550673
WilliamKazer,169626newsML.txt,C50train/WilliamKazer/169626newsML.txt,reference,3fe2ecc08ccce2fceeaff459aaab0fbeabe64eeffa273b83c209c0a0a6db317e,228dcdda6633bcc6938076fce52cb4502b93c85314eb396dbb9e182f256e5a7c,2.2775268054634465,-0.40354511351035444
WilliamKazer,178505newsML.txt,C50train/WilliamKazer/178505newsML.txt,reference,efc9f356c1a2adb8b377c2fa77fd6829db3e9b37d7e1c891d8f4a77ba66ddc46,c13dbba8d4f53cfd66b3cf500109e60e1fa1d123ca89793eb77c2a664c9b35a8,1.2760055494543991,-1.6576010863716912
WilliamKazer,178884newsML.txt,C50train/WilliamKazer/178884newsML.txt,reference,e0110fd90cb2ba0955583185f41d96f9980d2fecd4cfcc295e95be2f08f82c12,694535cac5d6dc129d8f6d9142959e8e4b56a3c386c55c20bf40ba21f8cab7dd,0.05142547840226074,-0.5071485321055127
WilliamKazer,180188newsML.txt,C50train/WilliamKazer/180188newsML.txt,reference,5feab216fbf284c3dd80f3c5aa9574cfe64a50ddd7c161733f58b5db84dc63ea,7c370ca2eb840db937708f89f1d26900be8d6d2170cfc8b687623c59cd6569d4,0.3363486052420528,-0.2946302783461733
WilliamKazer,188958newsML.txt,C50train/WilliamKazer/188958newsML.txt,reference,658d6bf2db07bafe1585d6a1a22ec83c7a21c0ad4eb25c68f028a7d8268b5b89,c609f44ab7b183c8fb2ab304a028faf67ff8eece3a038e2f3b2859c58217d48d,2.308091816334774,-2.0921375481460953
WilliamKazer,195340newsML.txt,C50train/WilliamKazer/195340newsML.txt,reference,7216836c6ee75d6a5d87a5135b476f4c4dceef7e8ca250e6f333d2f833a4ea65,0ad21dc83dd144587ca4bc1438dc98b165c749ea4a1d6aea334ae444cac1c817,3.036163342133347,-0.30469735417853216
WilliamKazer,196734newsML.txt,C50train/WilliamKazer/196734newsML.txt,reference,ee763b2c2e7bbe71cb09e911697dd68a425e8800ee9bf8a0a586ca489c64e7d2,4da9320f0befce2fa7f41a6a111aaa1612e5fa52d45a69179c0d295d2b5a15e1,1.2369191490734954,-0.124664291117797
WilliamKazer,202888newsML.txt,C50train/WilliamKazer/202888newsML.txt,reference,7141e4ac3d508d92df7a2f9956ad474a921777bda35051533be16c2bae681089,570a5f9fb08146f8a495dd6638f60e8b30d68eeba921f974e6f64d4d9a67b542,0.7425839380792327,-2.1083023431848007
WilliamKazer,206559newsML.txt,C50train/WilliamKazer/206559newsML.txt,reference,dc5326ede516f803451f5da594acdea62821564163ec9b8a987b7e95618c13ae,76bc31147513dfcb0edf2b0f2fcc5573bcc253ba96268abf281461f0442e7ac4,-0.23258974026100573,-2.635616136155296
WilliamKazer,208244newsML.txt,C50train/WilliamKazer/208244newsML.txt,reference,07ee8d5358e621adeca46eb9b1f2c55daaf3e19efd3bbe5d125d4e2396c45eba,bbf9602ab48381657f7474c0af8b11c65985304692db472a4b9b50e214f63439,1.02263981027976,-1.1336520515280344
WilliamKazer,209813newsML.txt,C50train/WilliamKazer/209813newsML.txt,reference,38b73aaf33be48ead674f2645281871df2c2f28ed78390c18a38e7342fa6f115,b69c073369961f3aadf26913ee653e17f28b1b8eed5ec81efe2c898c8bb8d1f9,1.7995996655738236,-1.1805562746241245
WilliamKazer,214207newsML.txt,C50train/WilliamKazer/214207newsML.txt,reference,3007dcc6267aa47747bb0c4f9d4f6e6ef7df8e4707c4521812138fc8718b3ad6,0fd2456d3ff4dd91196ce8fa79bb8a6764fda331d28d50507b1c24c2c521eaac,2.4377784591098464,-1.5439704055112118
WilliamKazer,222819newsML.txt,C50train/WilliamKazer/222819newsML.txt,reference,d72f8b8895cd392657573105f8e2f43163a666852b4ad6b21f84ae2bc6a1b3ce,ec889392594853eb4e7532819dfe45e049e4f97bf6adb1a3534f1cd3120102e5,-0.6038423722512926,-1.0404892397820735
WilliamKazer,235763newsML.txt,C50train/WilliamKazer/235763newsML.txt,reference,b0f162a1dd65ecb8114835fb3f86ccbd21da7f7b611cfc2d000547327e1247db,da6ad239bd59037a3c81fb109b0be45ace9b33732c471d718bd8be1c977603fb,1.2273881288441026,-2.6821088317942654
WilliamKazer,239878newsML.txt,C50train/WilliamKazer/239878newsML.txt,reference,24255aa255bb1d66e534828c7f2cc7c7f0efc23abab9ddac904aeb49cf982f03,3d5a1e4876fc50301a56d8b93b8c505aa31c452f89e5a8643a9cbf0b50605ed8,0.37169559119359785,-0.9670785035572298
WilliamKazer,2430newsML.txt,C50train/WilliamKazer/2430newsML.txt,reference,f5d5d89cd7b462503e83d673d4ed056ec2dc62cdc22a68c302026c3dcc0e4a08,9b30bfb281f4e4fd3b6f988696510040187ac68404d9a7df56a82ba4271143ad,1.841936441067708,-0.27707176475248474
WilliamKazer,246276newsML.txt,C50train/WilliamKazer/246276newsML.txt,reference,b13fe6156c173c685187953f462be5492c59bbb2d9b2e536f0d5a396546216ff,7f8c5f1c6b55bfef5e7bfd6aa5335a2780fa692412a3d3f913a7456e81c1c551,2.4849639729657826,0.2247424344538109
WilliamKazer,247720newsML.txt,C50train/WilliamKazer/247720newsML.txt,reference,393b1219cee2617b9d16eebaee7a1f15b5fbd8ddbe8d7f521982d4a683300bb3,6b49a5783e3e87b69ce95358e0359daf412178eb74f02d95fb5847e3a891b094,2.2458150787193683,0.833145431384563
WilliamKazer,247829newsML.txt,C50train/WilliamKazer/247829newsML.txt,reference,b6a1c8b020781240f77638c9858b189ddf43b47583e857f8486f63b02d657ea4,9a4e3f7b47e7b2c2aeb25a3337c3506747f25b44c0cc443b52332b31b266152f,1.7398281357036867,1.1524983887721525
WilliamKazer,247909newsML.txt,C50train/WilliamKazer/247909newsML.txt,reference,e04d689996f93299b961cb49eb3c33d027208aee6192014067415b950e8f7988,3fb37b504d489581a202a3328eec50a49ad25b9e585e70058e65c8ff8a067308,0.11577079849169039,-0.3523676701443161
WilliamKazer,257526newsML.txt,C50train/WilliamKazer/257526newsML.txt,reference,9d00f65904a3def411430f273bdb77e0607fd38911130fb3503085f64d255d7f,d579c1cc074156c8d252bb4f4833dfdded5419a4dfea3f844d19ef9149183897,1.4591983284747414,0.017150207834970493
WilliamKazer,258689newsML.txt,C50train/WilliamKazer/258689newsML.txt,reference,9e24a2e7de17b43b683c522b01102e6409a806a3786af61f3727aa7ee22f1241,4d4757085d777f842d77e8a0eb5d73f95584a4a7dd4277933908032f0c6ec2e2,-0.8460941169776209,-0.4115631669366828
WilliamKazer,264132newsML.txt,C50train/WilliamKazer/264132newsML.txt,reference,ed1697f68c3398686b48eab923c7adf12f63a3747224345c164a0f666f99389c,dfa2c2b4f627c33118b1972f396978a4e118c46049ecbee2c688ee1d014ffae6,-0.361182545224714,0.07257916967268403
WilliamKazer,268647newsML.txt,C50train/WilliamKazer/268647newsML.txt,reference,2eb0f66b3455e5dffb9ea2e5be37cb003c1acd594e06dc50bfbc2c8441870de1,6b13f0d2d8340ee26a536616e47648881fdcde9e5d5c8b591450f20ce46001ea,-1.12134920747991,-2.0377932036146236
WilliamKazer,278687newsML.txt,C50train/WilliamKazer/278687newsML.txt,reference,56fd37629302cef6a2e1795bb3c7d8f1fba982fc747396c207d181e83ac0c368,8d0a6493c7af489f6b0b7b65e748f1f7281bbf0ce9044405c91f955706aedb3d,1.1421803380411764,-0.5484551964823934
WilliamKazer,281216newsML.txt,C50train/WilliamKazer/281216newsML.txt,reference,939a7292f0b873e7056bfac1ca4846910cad8728379219cd1e708714e779e030,850bf7addbc4288c89315fa751c28fef36b59a6a890076d903d90b48ef95b4b6,0.8602844422755783,-1.960524740712724
WilliamKazer,28223newsML.txt,C50train/WilliamKazer/28223newsML.txt,reference,90e85a8ac212b2ac850236d299e376d335b0976137f39be2d408360a4e4aa4b8,9370784c849f24c79fe79a0ff568a2994199ee2b22619e8891df03400c20402c,1.029317350500222,-0.4562194820039222
WilliamKazer,282935newsML.txt,C50train/WilliamKazer/282935newsML.txt,reference,9d1b706126b68a0a6ccd1f083e1279c9cd242a3b50ad64be1232444cfb828648,4d247de175f9281084c0c7309790908a91da897b72a9439ef390890043ddb597,3.1016477790502712,-1.1215695446988356
WilliamKazer,287736newsML.txt,C50train/WilliamKazer/287736newsML.txt,reference,eb94feb12d7df842ff45664136230ba7834b2ed110599fdbf3e7437f640f913e,0d1855a18218bd97c72a241c0fe18c33956820a6700b15988de5e70e7df9fbae,4.822770406816392,-0.8458528230351403
WilliamKazer,289747newsML.txt,C50train/WilliamKazer/289747newsML.txt,reference,16da175de727f44d1c9ac7dffc92b007921dd4db13c1ee6262e3a78464f2dfe2,a32b01672a8cfde9bec6ec4459448f2a393af19003aee3612959e58499b5816e,1.889298964112853,-0.7116353414516001
WilliamKazer,304402newsML.txt,C50train/WilliamKazer/304402newsML.txt,reference,561fdbb47702224fdf4cd397f15be3b77ab77298f8e29d66776ac8ef332087ea,cff298b107ebe876beb54f7479ffa6d14e03aafbfca8d266d513716dd095ea92,2.0746243907488093,-1.2903825917131688
TimFarrand,10265newsML.txt,C50train/TimFarrand/10265newsML.txt,mystery,3e10b14ff6c87bd72d1312c10183c6104dc4fc6fc5d1c940b45eaecabfa50673,8a777bc25c03c87a70fd4f6fb7f6e3c00bbc3422527134e647003996be68c586,1.358470697964443,0.8644951933359899
TimFarrand,114953newsML.txt,C50train/TimFarrand/114953newsML.txt,reference,41f36eb76d8baa6ee0475d15228a11e654c24aaf642a5e23af4386a13eddab84,6a21fa85bcf4ba7cf24dd8d4ed17c8ade0af81cd3cc7775c09f97d6fad9eb956,-0.4407832870017716,1.6341273027620815
TimFarrand,127403newsML.txt,C50train/TimFarrand/127403newsML.txt,reference,ea14517ec9cf020f4830c4b19e4c6e31a6ca2c1a7e23b88d853199448ee7616e,1ff69f0c8a128fdc93daf4fd503bb697fff4c7ded66f21bb37571abce70aad90,-0.7778134777037066,1.0476806178606057
TimFarrand,127856newsML.txt,C50train/TimFarrand/127856newsML.txt,reference,916b398e66faf959ccfec453e20e0cd0538cb7df570b73c8aecc8cd23f45e7cd,ca6ffca8074392f5db5d6e456c7df6584da3ce639383891a382bc45e9fc76483,1.3213189594418553,1.3958024290808198
TimFarrand,143038newsML.txt,C50train/TimFarrand/143038newsML.txt,reference,de35e6e2f26f1b28f823341faaf927b9b582050e8ed52e0a1fdf4b4299ada735,19f17eb0f117306bf95896ddda4b36cb6f2fff837802d745aa6e6151d1a44ad2,0.673562538409105,0.04121117468322158
TimFarrand,149844newsML.txt,C50train/TimFarrand/149844newsML.txt,reference,60955663dfcf6af9f0d4c4c3d66e5d238df85062f46c158b39f150d20468c62e,ebe9a044a2f111d56c0b9590674733b22e3d78804dc31cf0f0ae128b3e0acc0e,0.26070009040971853,0.3562433403779073
TimFarrand,152851newsML.txt,C50train/TimFarrand/152851newsML.txt,reference,a0dfc6adf05c481fa8e804fe999d4893e28daa20ceb2f8f7818a9f6f922bb9c1,3c06ca390bb86dbcc5ce0d8c9163933c3081392f0433575f9c5ff5b268b72259,-0.4074033501792445,0.9749166930441139
TimFarrand,154492newsML.txt,C50train/TimFarrand/154492newsML.txt,reference,8c885a0b8b15348d46aff84058eb983b38fe010a6d4ebd4d5a08804ab1b09997,e6cd200219ad0a010e969df6b2eff1fdf214f0af7a6fbc488e0c5fa2a63ec5c7,-0.16290673861523255,0.6573530561340527
TimFarrand,15631newsML.txt,C50train/TimFarrand/15631newsML.txt,reference,532685af543ea61c4262171b89d5a280e02e54fa931620995ff5a627c5a423b9,26d821bb5e21bb935ce9e2cfe87cf24c85b4170bfb2a03004f2262b6e8f908fc,2.1082487440720934,0.10657799968458086
TimFarrand,159528newsML.txt,C50train/TimFarrand/159528newsML.txt,reference,141f6ae19a0aaa965e654d3ec0bd84ce587ec0b3726f726c2f5c8156ff58f911,df5d4f1db95e3d4a9a90e74277c907f3f2cde75d26aef8a64d1fdfa1cc1e964a,2.8324511868596676,3.209494909300954
TimFarrand,159531newsML.txt,C50train/TimFarrand/159531newsML.txt,reference,af45688a075c8ce74d811fcd0097232c14fdb41e194952868db5b574a945cb20,02424e9c8223559ee8bb73df77d7da58775dc3b3c7c713aa46fbb8d932caca52,-0.7497376585152257,1.401208582488635
TimFarrand,160644newsML.txt,C50train/TimFarrand/160644newsML.txt,reference,58f5960252dd1f74523b1ee816cffc79655f8e0d38dd22689467aac856bed75f,7ad71670ae24e470c305a61dfd2ab9a8829b851d9417f519fafde3a7f0ded3f8,0.8219580062682632,1.7573916990864349
TimFarrand,164516newsML.txt,C50train/TimFarrand/164516newsML.txt,reference,0df0785bd31f369f9e585b5c8071e4c6a1208848d511b9fcbcacc05171ebc226,9557c350121463834652d76e9ec1cc836fcef9892d2401540670e1155cd16e4f,-1.710393199636348,2.3643367327100338
TimFarrand,164877newsML.txt,C50train/TimFarrand/164877newsML.txt,reference,95e85f9d5dab94b4e1838c5386260bcde0c51d492a1db8c2db33845ce6e866c2,3aa93f33bf30599111d19f6c8f641fed0f2a447fc9b5b05d1b087a61bfaf005f,-1.706868316982115,2.3686272625886238
TimFarrand,164890newsML.txt,C50train/TimFarrand/164890newsML.txt,reference,104ac7a4e6ca1e3eed096c8027aa83dd3236d2bdbaee525f5b9e0f7c1b49c117,91407602f56515a5f55f89208b8a6aced8fb7a5d4bafd22b2164c10b7ae87419,-0.2955965564265011,1.6232798422786312
TimFarrand,165801newsML.txt,C50train/TimFarrand/165801newsML.txt,reference,1732dbb7134fae6ddb1a75bd9f697f27ad5b43b0c86eaceeef5051ef9f17cf80,ecb822ad116c68642032598fa618cc476d02b3149c1edab485e3891b3591b18d,0.6503123129204388,1.0804023400619054
TimFarrand,165864newsML.txt,C50train/TimFarrand/165864newsML.txt,reference,d84c82a9a068949595f475320aa9641e64db92a9ad74da441ab7977834863658,479b4d8ce08e36894ce6da26e6470419294d0c1f3694d5b7556d7ad66f84a663,-0.14492115212739834,-0.28100246634558707
TimFarrand,167779newsML.txt,C50train/TimFarrand/167779newsML.txt,reference,270617c0d367e5d3d0afbb2daedc4d1e1e7115471ef5cf0cb1f93af477dbfbf2,2239ff58418aba1d80116b885b4b83c6d00cd8abc83a81b62ca0fcf1ea110870,0.5383792364187868,3.0845395175334764
TimFarrand,167803newsML.txt,C50train/TimFarrand/167803newsML.txt,reference,ef901c770695142bcd7cb4e4b1bcbfbe0fb0fe5770f291dd271c1689825534c0,563f1963b304469b8242d666370a5e71905bb5923281a088dca87b2dd16f9a34,-0.8787029723114025,1.7991372051067156
TimFarrand,172132newsML.txt,C50train/TimFarrand/172132newsML.txt,reference,b8a7b81444de8890d6acec78f5ad457a9423ab25b13f4ceeb19ddbfa779606be,cff17e1133d69a22d62b37eed2be89d3b5c2369e098c40659e323a629ffa9311,0.8398272495830476,1.2590249590846032
TimFarrand,173770newsML.txt,C50train/TimFarrand/173770newsML.txt,reference,3f9f769e2252930db5293916e3cd3fb91b6431e9a1b8f2771c1c46654a0ddbc1,e4699f4a98619c3f91d595158cab0dcc07db3f63722f20c227a03dca24fe5b88,-1.2082071239562542,3.0895168703992875
TimFarrand,173850newsML.txt,C50train/TimFarrand/173850newsML.txt,reference,4ef85135dee6296f4e58630f13cc2d62a5fc06006a56217a76edeca63cea728f,b1959f020838acaa80beefd2902e5102fd79f42e8f8296460612259ce1686ca2,-0.09518679645906748,2.0259866175354473
TimFarrand,175500newsML.txt,C50train/TimFarrand/175500newsML.txt,reference,a5a28cecc46e3204717f6d14ec3b4f5cebb28ed51c7545b970d0be439bb5d2cf,4087f15b45f642ce0153d3d516572f8312c53646e7991175d716ef702a761260,0.4208232760403929,1.2080922307328914
TimFarrand,175594newsML.txt,C50train/TimFarrand/175594newsML.txt,reference,38df37b95d96c40e37ecca7145ccb64f6a85023db93a34124f71bed41d2489c3,e21e733745b580b62a9c4d9cad07d6426bfb4912966a6430b8fb8f8c30a17113,1.1073779279209608,2.603312096601443
TimFarrand,177684newsML.txt,C50train/TimFarrand/177684newsML.txt,reference,80598002ad0ee8fb7b298a4b9ffc79355e333226827b2453a43d18bb821db0d4,648b6bf7a8ea3f3253b9a7bfcab3c08c783d2dd8d25a34468872ae6366e5eaf6,0.15783345279688965,1.230709773213877
TimFarrand,199222newsML.txt,C50train/TimFarrand/199222newsML.txt,reference,bdd80ad518a89f9d619765e31fe43febb9b221436629917d2b3b8e0e61159db5,c61a2310c9bd343f54fa5d37981022d3977f073cddc933175697bb0b38873d33,-0.9708914830262043,2.2741028649818817
TimFarrand,201017newsML.txt,C50train/TimFarrand/201017newsML.txt,reference,51827be3b20bb83ce7238555880c99775e13f6d7abfa3a38ad045210aa3fee25,6cb18203990c25e9f96923843a00c5ec482ce464df659fd91279fe436b94d690,-0.2562291461555554,3.891357146938617
TimFarrand,202017newsML.txt,C50train/TimFarrand/202017newsML.txt,reference,97431ce8dd1650e48c438ddd543a9432313ee72fa68daba74ee40408ef38e4d2,92c01bced3556a89bdfe09dd082964ca846129e3a906db3898fecef214312a3c,-0.6251514989467292,1.1659846495957282
TimFarrand,204606newsML.txt,C50train/TimFarrand/204606newsML.txt,reference,e942ed2e457fe37b826c76fe651fb16026493121a76ae9d0b51183547a56a812,909ef64ff9eb59724a1b14c73f29cf457cbc4f176f13c9c61ff3d08c89814c8c,1.7487491589328026,1.7411965930049131
TimFarrand,207557newsML.txt,C50train/TimFarrand/207557newsML.txt,reference,bff83a5ce07238e0e2d5a0dbde607f2b5f571eadc07226cfa18988a19dcd331d,4801fd8f3a2a222054b849c1e200df183e2afc6f012c77a4cdb400fece312287,1.7649022828642755,1.2369283340298745
TimFarrand,210560newsML.txt,C50train/TimFarrand/210560newsML.txt,reference,d703f598e5ae5640665aea7891ab088c2af175fa9c47000e0f1489207bcb109e,40cc2d380e7c7fb359dad41c95efd124fc949e876c70f089011bcc5215abd624,-0.5507135613621431,2.1637109582518366
TimFarrand,220852newsML.txt,C50train/TimFarrand/220852newsML.txt,reference,2fb45d8f9586a06474f8e9f605d6e3b85fe598110b11f96c80fb33b1d439594d,7b89630f72c1c4642ad4c9fccdff479b0be06340b1c9d56e5b561bf6051984c2,1.7279973250909082,1.5289894477370818
TimFarrand,220857newsML.txt,C50train/TimFarrand/220857newsML.txt,reference,a417b739a018bd2100aa904ae7ef65d2c50e76552210ac97448772e6ece2591b,1d912da1d898e7191bf5bfb53e6140364940d1d2b9078a5147102dceb5807028,0.4490950336988368,2.372877599768799
TimFarrand,220938newsML.txt,C50train/TimFarrand/220938newsML.txt,reference,23ca927386d01f41968252f32783555c478a6f4b60486209abc3fa2ae6c2fd0a,edfe863556bf446fac4e9ea0809db117d880678a57b9a713eab5af784418d305,1.0901565988589221,1.788136620363447
TimFarrand,221452newsML.txt,C50train/TimFarrand/221452newsML.txt,reference,c8d3992760e187603173e81d5af8d941b6162e2e01e09b8376873e1713cce8d6,d1f9afd0855b93ad3aae77d217bcf4a9826584d083341314bf728178f4a98b22,1.604221168549808,-2.177885030351736
TimFarrand,224668newsML.txt,C50train/TimFarrand/224668newsML.txt,reference,1d29c4b4017d9c3a113a7bb185b3188588b9e29603ecae7a938a361e3e85350a,4068e1ca8a7f74c1118c9bc2d33646bc342ae6b4a0bf816446d7298123322384,1.960799680040748,2.7229193614562197
TimFarrand,224684newsML.txt,C50train/TimFarrand/224684newsML.txt,reference,b5dc3b80b90c8bbbad9f674221a33f3536db691bbabbe7b2127ea0f0e2e55eb4,7e3d9c403e3c79629eeaaf825b06f8644d4cec369f65deccb93ffe183d9a84b0,2.4996695176521966,1.797954033550122
TimFarrand,225561newsML.txt,C50train/TimFarrand/225561newsML.txt,reference,68ffab5379cce7fff22350997edee37e5bbffdb7b564ec62da9c1eff4abc6887,982a97b9245429de0576ad0aa9d0dc428344e3666fff32c8289bfd96911769f8,0.9110559385340637,3.1772895252520916
TimFarrand,229159newsML.txt,C50train/TimFarrand/229159newsML.txt,reference,3c8568fdb48dbb3629ba482cad9af7c7c39ec6a4e305007b6f55f9020a93f131,9d6d1269c31bc3c87c3662619f4b4ec3dd31d0ad6577193642075b50519b8608,1.9599473555540083,1.336547616492984
TimFarrand,229685newsML.txt,C50train/TimFarrand/229685newsML.txt,reference,517d65694a5f9d6dc9eddcffc6c0f7a29c3ad35e957fd94c2365764042bd1698,9dd5dd592e135f32620b205588471c382f279c8338ccff6cb3c2de480c193b72,2.762297535447105,2.063698329778888
TimFarrand,230604newsML.txt,C50train/TimFarrand/230604newsML.txt,reference,f7531f94743c265791640d939ec3f540372d58d7b2fb2c4fb79139e966217dec,6a79137d49322a9c03a6d1e8acc0a87d04cd6e3cb0fb2faedf15be42cf2657d7,-1.276432328524935,1.5879855998918384
TimFarrand,234885newsML.txt,C50train/TimFarrand/234885newsML.txt,reference,c98c28a0d36fd2fb3a9f24392af56b3f273661653f70c9e0cc50c3db6e5674e5,3c6af5c69eae9f44cc3344e5983b2565c652b64ad412110ba566016f51881763,0.6423319188131297,1.0704474298571163
TimFarrand,235003newsML.txt,C50train/TimFarrand/235003newsML.txt,reference,a84e60e02e4c72861678e5128d7346e8d4990607b847d5d03bc1f1c93e2efdc1,e316f55c446fd2be5541be79cea023b603a896b37dbb81647765406dbb295006,-0.9347655193449531,2.2155917077620693
TimFarrand,236371newsML.txt,C50train/TimFarrand/236371newsML.txt,reference,af6320e70598a0a2f9b2a54c6dc9da762a257d665d7ce0fe853d31a245364278,d6d2691c749b8395547133afea3b1e16e96bae7ee238345bdcbd76bbc2d0c703,0.4415262894441809,2.4777631049391355
TimFarrand,237957newsML.txt,C50train/TimFarrand/237957newsML.txt,reference,da5281b9e80503c67b024103d924c7c6ec668856228d85617e7b83cac2c9ef42,358100cf8f1ca1e078d87d8a790261e1cbf3f940eb3eac351090ac4d89552dcb,0.8268526962942074,2.18056288913511
TimFarrand,237980newsML.txt,C50train/TimFarrand/237980newsML.txt,reference,342fc60dcd016c11410bb65349e5f8dfa47175c86b9522feb62b4244e907beea,70244fbfd7e1eb35b662d100ac137a3284d31a869ba7f50fbd405f0eca94eb6c,-0.042609215940268536,3.143628890934981
TimFarrand,238095newsML.txt,C50train/TimFarrand/238095newsML.txt,reference,bd5b4f42077e1538c479036802f57cf41a38d4e86b3cc19fc2c70d8699956bb2,874de014987f9e3bb16a6c5e67ce4bfe827496b855eb783b696e5f3c2948bf51,-0.24988093264959377,1.7502993023335598
TimFarrand,240674newsML.txt,C50train/TimFarrand/240674newsML.txt,reference,00ebffc1191adc0184afe81e0e918076777d17af2030b937041399699e523df2,26c41e2b4d5db92fc0744af9c1d341e8da01f9da40755eda68e885b89c082332,-0.7222415225101978,2.9064890584381553
TimFarrand,242910newsML.txt,C50train/TimFarrand/242910newsML.txt,reference,b8add887257fbb838995b0275811b837e1ae485eadb45ad6b6e5b6932fd82102,ebf5354368e55f21e51659e03fbce932949a5729eb110bc0804586d2318cca57,1.3066787717685324,0.3443787394905009
TimFarrand,242992newsML.txt,C50train/TimFarrand/242992newsML.txt,reference,14fb1b2f2daa916518826bd96d24df397975f0396b3403aba46b11141ca169fe,867ead6fb6ab30b0d069d3d5030e758b95a2d76e5773ea586566f3e63b5ebadc,1.358353014124155,-0.5251873653586018
PatriciaCommins,102551newsML.txt,C50train/PatriciaCommins/102551newsML.txt,mystery,cf1bd5af1b1f8856e6bafaa0d605b6fb87bfe7c181a9ab4c7db5f4c1dcc51a70,ed614afbfe78dc78e46cc23d7c2947bab8be3e32fac0e54e9ecd64c0b67694a3,-3.524923643554212,0.6196362501555389
PatriciaCommins,102719newsML.txt,C50train/PatriciaCommins/102719newsML.txt,reference,182bf77e989677f3af10a04e99af096b3283f1559770dd6362757524209f5f2c,af208cc1a3909972b1cc23d8ffb7ba8ef00f68f4a3a57e99aa351ef9e577f85a,-2.9949769631136616,0.7415298709313507
PatriciaCommins,102793newsML.txt,C50train/PatriciaCommins/102793newsML.txt,reference,09bc2d7656abebadf6aa7bf0bd3305225ac1bbe86fc347ddd737bb2fbc0caf29,a94573a2ae84c3c4e6307f4f7bba139f6131292776b12bbcba7278bf2e7df3d6,-2.9225295492093006,-1.121862292923931
PatriciaCommins,108222newsML.txt,C50train/PatriciaCommins/108222newsML.txt,reference,838f19c34881e13bf33c15ab223c8dc6a7b09d57541cf761388422f6914e39f3,38edac86778239ebccca5ec94a955e7fe427bd5b0c39ceb89660ba7bace58548,-0.33319379757202644,-2.270513241376014
PatriciaCommins,108443newsML.txt,C50train/PatriciaCommins/108443newsML.txt,reference,15851c4917e6e46f8acc3d10d8e5d3a4516293207aa159302156686717d8c43c,73480099733e77d6e71b9c49fafff84dc5e977f3bd2bff8473d201fc0b108e1e,-0.2864022609733383,-2.2129888981261905
PatriciaCommins,114356newsML.txt,C50train/PatriciaCommins/114356newsML.txt,reference,47c15585507a046fba01433876effb104d52dcd38ce8ab40062884cedccd9600,b35193b087a7cd2abdac5645e144797e547702cbb829661e0bba84c0780f4598,-0.3399957442879852,0.6386342278087875
PatriciaCommins,114428newsML.txt,C50train/PatriciaCommins/114428newsML.txt,reference,95b767adb5d28db9e3c8583549c8fbbcba8e6c47c35e0013bf38b16a47219857,b628f5882408daa0eb9e867314f234a200dd26c129d7bc4dde9c0ab2080aedef,-1.5409688679421327,0.2739302692557248
PatriciaCommins,114859newsML.txt,C50train/PatriciaCommins/114859newsML.txt,reference,6029c9490a08f15269cc2acac32738e64cfdc0eff13d4b1112a1a4a31e57d1ea,5c874cd19f27714573f7dace1f112f7a3c3fe19f85722a2da0721a5b9f343e4a,-0.33842677612818434,0.6416136392143336
PatriciaCommins,117099newsML.txt,C50train/PatriciaCommins/117099newsML.txt,reference,2486f313a36dfc42b54562506520f9ecf5113a8a71a3e3acddaf48a785962018,90eaef8385aff6a9704fa94d66538d48a2ac7dbb5018d6d1641d0ad5bd46ed9b,0.656716093099912,-0.5889912238124889
PatriciaCommins,120569newsML.txt,C50train/PatriciaCommins/120569newsML.txt,reference,4e1db84597190323943d3ab0eeb6938f1100b29cd61f7c6019d1de3abfb3c714,f6cff7f38e751f2a3627be7a108ca171657bc519926936f040b4956103c1af1a,-1.967319253753286,0.024961098013632214
PatriciaCommins,120588newsML.txt,C50train/PatriciaCommins/120588newsML.txt,reference,4fdaec77c35e1fa58dfb6656f5846c673892f84bbd62f0c3f5ed00a2fecde8f9,46e223297f4ff19f4212d9c3d551c76b819844fd9206fd4dfaead4c356ca9005,-1.3665591561933517,-0.6168594116663453
PatriciaCommins,123595newsML.txt,C50train/PatriciaCommins/123595newsML.txt,reference,cc9f8efc98f714ca857f8378bc4af19cee2d09a0fd20dde035a1a8a2427dd117,90d6bc1cb908ad79dd6ff3245fffa81bec6fb8cdf0f8aec66b9f009a43e0f214,1.487677784230575,-1.9173928227643144
PatriciaCommins,123628newsML.txt,C50train/PatriciaCommins/123628newsML.txt,reference,b7556a3038832453c6a26e52b0d46c1982db3b43d5ad54f899a26e5f9984434e,b697f48be72ffb5a5d61703e1fb825d94e8836929789f043bd5e3bcfb0be7e7d,3.0170367615433147,-2.1006246122350545
PatriciaCommins,123987newsML.txt,C50train/PatriciaCommins/123987newsML.txt,reference,22a48c55e28542fb2ceb7469b1e94a539928a9c0b878bf04d0a5db95df262ca6,4372b32f9bdf936ad0576e00fec8a0b4ae9ac46a283809242e7c8573e7944d94,1.2308721606747293,-1.0259351585131435
PatriciaCommins,125965newsML.txt,C50train/PatriciaCommins/125965newsML.txt,reference,eac596e80ce9fb346e58bbe72a05bf472bb4d1f7c510f1a8583a681f131344fd,180a8ab876f1e1e2bd168e2490a9b28dc200bff7ee987cb247e6f7b7cae60ef6,-2.0815946095502325,0.6065351578505718
PatriciaCommins,126714newsML.txt,C50train/PatriciaCommins/126714newsML.txt,reference,6a26ca947b9779d43a2bde28553f9b30bfc85ea16aae79feded21d2025c18180,168b52e35deaa31810287e305cd28577b91a60cb3742349a44529fc6156433ad,-3.1855711160588553,0.7778707186975131
PatriciaCommins,132671newsML.txt,C50train/PatriciaCommins/132671newsML.txt,reference,502674bf7aa9fd7eb278928a9d8202852bbb7322b703135a66ab75a6d70becf6,92c1f76a84a1dfe1f605fb677ffe77d7c89bec5708e68d816183349634beaaa6,-3.1580144964942374,-1.0611185148542932
PatriciaCommins,140446newsML.txt,C50train/PatriciaCommins/140446newsML.txt,reference,d4e9f6f0a5c08e3fdba820fb3684b2998417d7f2ea042a49e8e2cc9ac6a148d4,71a53d53ef8067e7a6ab51524943e17d27ebf1245596b3afd73e7700349feca0,-3.4097322246002815,0.06649637056698177
PatriciaCommins,142683newsML.txt,C50train/PatriciaCommins/142683newsML.txt,reference,a91a028cbe5e63f53f4cb68fdc448a477045aa8eb5bac2e2fe4c56f4f5d5d664,0028c9ef982c1173963d12f553789fe83479987db3d2ab27bba66a9fefcbb6fd,-0.5953552314549594,-1.0765375670338218
PatriciaCommins,142736newsML.txt,C50train/PatriciaCommins/142736newsML.txt,reference,114c41f3a236431d74ad71037e5ee011dcf33cbd4ecff620f3cde44b0dc3768b,fbe28ba64b5d38990a6d9d915650305d7c8b8c865b89bc4591db286dff241e5c,-4.506792133395596,-0.4070509764006103
PatriciaCommins,143591newsML.txt,C50train/PatriciaCommins/143591newsML.txt,reference,8cc7e323b1ed29c19ae2015e2f5e9f8c777c70fae15df334d83247482ca3f438,d9a512774b892e21d498f8ea908bb3a7d586cd8c8cfa3506c52b6d5cae77628a,-3.4634020623644717,-0.6551680640446044
PatriciaCommins,143765newsML.txt,C50train/PatriciaCommins/143765newsML.txt,reference,353c083194c30b8136063ddd4dd6ca586a6686daaffff1566afeeb22af12c7cb,68fdb1bde707c722da5a5990869e0c8a618ea643a5b5471904cb79965c003008,-4.012408684906601,-1.0885663645534969
PatriciaCommins,153684newsML.txt,C50train/PatriciaCommins/153684newsML.txt,reference,e18d2ea0332a77de8791aa04d9577553dc71cb7cdda89a48cf3736d701348e53,3df4d10667e5710b80c2a1ac455c66bac85004d4d1f395ca84f05b50c86510b8,1.3281938324095315,-3.1273625579276656
PatriciaCommins,156759newsML.txt,C50train/PatriciaCommins/156759newsML.txt,reference,769693718baa24ed763455b353509ce09ac1b130ead67d0f87ffb5af828e1004,78495a73d942561ed24774f5a71f4e38714689e897e9c1a0e5f81e6cfa08a138,1.6802060236104752,-1.1666194029216752
PatriciaCommins,15778newsML.txt,C50train/PatriciaCommins/15778newsML.txt,reference,f78da1a39085f8632dae85c5e62ebb72f6c1d96865331e460257a2068a91cd6a,8e6beaed6ecc5a96f5f018311f70fea3d0d10f640a033fd89535eccfd1d93d4a,-0.48775597159444506,-1.3886307950063463
PatriciaCommins,178068newsML.txt,C50train/PatriciaCommins/178068newsML.txt,reference,18d81f2f1120e0ccb1e670af998009695abbd93c914307ec5afd5ba10059b52e,a9913b8b17a097104c8212bc84b28ccc04cdd0061f3dab460368ff015491e241,-1.5109672801518672,-1.2340487345449307
PatriciaCommins,178089newsML.txt,C50train/PatriciaCommins/178089newsML.txt,reference,4e99e85aad8e8e44d2c5e8279babc20ef92a2e4eb511b52b9fa9133976b22ae3,0423bdc02edff1af267bf10a54060a64fe7a803c43c4636f1d72950a9e494ecb,-2.2274815606281293,-1.4593694330286044
PatriciaCommins,18217newsML.txt,C50train/PatriciaCommins/18217newsML.txt,reference,a920a8215843e8cbab009806cb8bdb1a91dee58b59c33a084b034e1080cc1ce2,f925b92cd115855f284392e2f962c64cabafb56a1325e94c229b325aff87df74,0.3073176709602078,-1.6330076245397627
PatriciaCommins,18739newsML.txt,C50train/PatriciaCommins/18739newsML.txt,reference,570db7f36b648258af2dbf8db157fa2be07c9a88aa95af83a4951716e60d3310,f81a3eed44923f4a42837b256ad6eb5ca14580d68cef237d2811bab1f4936544,-1.3428560774186815,-1.395625318944071
PatriciaCommins,203296newsML.txt,C50train/PatriciaCommins/203296newsML.txt,reference,b034fd79702caf760f55ee0d0b0fe725f6061ee055f67803de1c2c5a74213274,e3466b29a32ccee800c23b01b508b4e07d86cadf35addf9fe16393e56c2d59ff,-0.7215790367115679,-2.5213328625643814
PatriciaCommins,205566newsML.txt,C50train/PatriciaCommins/205566newsML.txt,reference,056127feb75bf2b721b6031db274ba4c7be7f15b8ee537d2b68ed13885afcd54,5e1871fade9aeebe38958ab2d2a490692c6ea243a8f64e318390d61e3a131c5f,-1.464194072561786,-0.07718956815688731
PatriciaCommins,209925newsML.txt,C50train/PatriciaCommins/209925newsML.txt,reference,59e4bba5680ce97f6e9adc1eb866f141ef232dd5e60b4c273a812255bf39dea8,6469a6d854408416b9459b8bb02473ddc862601f653848c3cb0dc6ceec52357f,-2.2415292363195847,0.6433639355055232
PatriciaCommins,209945newsML.txt,C50train/PatriciaCommins/209945newsML.txt,reference,25c3544ac69dfbe5aaef08d4275564e854ae5953c5f45113d87fc2166b9013fa,d4244d3a9557e50e2724c428e199afffef2b8643d0a6317a799468ba2eedbb4d,-1.9047203911746706,0.5511160255000371
PatriciaCommins,213454newsML.txt,C50train/PatriciaCommins/213454newsML.txt,reference,9b0ed39cbaf4e40df56ae7d35c1db873521fd1cacecc00ca3ea5c9467d7273af,739506423ded72d2bb4cf22da6a28f87fdfaf40f900ee49c2f29d81470ba39d4,0.027630929354794213,-0.9304819908703108
PatriciaCommins,217368newsML.txt,C50train/PatriciaCommins/217368newsML.txt,reference,286295e188e5c75dec97607104fd5040eecd42fb4c17d5ccbf36ef6b7dfb3ea0,bb1a778e508de620666c1e4aa67c22201513f14f2fc941356f6576c0ae65379f,-4.132131058981859,-0.6095493388919019
PatriciaCommins,2296newsML.txt,C50train/PatriciaCommins/2296newsML.txt,reference,01c03c6d2b899572f6a3a6a0945f4be51f81f0c3e814fed556754f12201e9fc6,fd50cd1a3fdc4b63723d1b7279f76ae0820c5287f790e38c3490366fe3fa99dd,-1.3012072757177242,-1.0825993260362978
PatriciaCommins,231178newsML.txt,C50train/PatriciaCommins/231178newsML.txt,reference,c0d82eb9eabd7bc6ca01a96e8426fb1ad81fd669142be8bcf008b8b33fcd353b,e26a813399c93266a1fd9382c4d2b6616fb9c7db1bb5a02257cb900e9c5f2835,-0.3454448101809918,-1.0318427502269434
PatriciaCommins,237159newsML.txt,C50train/PatriciaCommins/237159newsML.txt,reference,cd9764d13e4c56fc12fdaa3d95fe7169ccba238fcc1e9ee42b59045c4b3cc572,a1322ab873fedd01838c2448221109a3854ff4fe48dda553272a761cdd2c59bb,-1.5890808622486357,-1.6732684331682512
PatriciaCommins,251195newsML.txt,C50train/PatriciaCommins/251195newsML.txt,reference,ef6933f28f134a82c0ad299f5728d29380b156b1c04e15a6f32c7d26a2e73937,175e318447c6ec127fa7a3a1fb5b2febaefafd1cd79c46b91070f43633ff0e7f,-0.04939121214907415,-0.7463691463760139
PatriciaCommins,251347newsML.txt,C50train/PatriciaCommins/251347newsML.txt,reference,b4a0440fa10f09ad240d137f03b944c468044c684b324fc6fb1a4c685844612e,d1f7f60769619d9a3d42ef0a89a1388e06a59048037ba02795d4757c3aae90cf,-3.135000980186552,0.5403101992859294
PatriciaCommins,255134newsML.txt,C50train/PatriciaCommins/255134newsML.txt,reference,693d985442826addddaa750423f8b11a13f41a1ea6c4171f483092c168f96a90,3f9ef4d02fac73e79eec2708f23a866dc938cb69384b5daa344b891449489991,-2.295157141119298,-2.1305432588816586
PatriciaCommins,255733newsML.txt,C50train/PatriciaCommins/255733newsML.txt,reference,f05ca00bbe321b892796aac9571f60d80cc7e22b2dfb294375a74183207984de,7ca627e787a714725756a9dbae1a7598789443874bea6e804dd105a9e99e88a5,-2.3917043285047184,-2.178155977044999
PatriciaCommins,258801newsML.txt,C50train/PatriciaCommins/258801newsML.txt,reference,d73ce13590deb44b54d4fa64b69bcc7631b29e4bb578b585459113ba20a90d41,ac522b6091b57b6c2a352f2fe32efec781803dc6552b6c30e3619759380a09bd,-1.7009867547910809,-0.15628442947675744
PatriciaCommins,259000newsML.txt,C50train/PatriciaCommins/259000newsML.txt,reference,11dfaa73868d5121297baef29f11f4b993c91dd38785f75b4fd8064232bb2bb6,96d0958cfdddc78ffe7898b7f9d76430a9ae7df5d50a8debb670ab2f9a601791,-0.7255213744831638,-0.38840330595544387
PatriciaCommins,264335newsML.txt,C50train/PatriciaCommins/264335newsML.txt,reference,33d7b8bcc0e6fad2b8ff8feb6362a33ee9d94522b5dd7c011bd11aa2c0976f88,8fda63911444002ccddd439f17926a1bc8f6df34ccf53a2fbab771d023e62ce9,-0.7059505541293472,0.24394933307311784
PatriciaCommins,267178newsML.txt,C50train/PatriciaCommins/267178newsML.txt,reference,4812b0ae21085d5bd20e3aad14f8086e8881d48db0dde4d9cfa258e289332be0,d3730bdaf40156e700643bd8d33d5fdc36c1149a1c5bcbc6d049de48be7e88e4,-1.3980578689905026,0.4105810658817006
PatriciaCommins,270137newsML.txt,C50train/PatriciaCommins/270137newsML.txt,reference,efec6ee09136877003757304947821fac22e37696b463f891660e3af714c0904,f9a4bcdc0ced98d02a09723c6052ef7a315624114adfa6a5765a7db564fc29ea,-0.21160899126849833,-0.7708565690449958
PatriciaCommins,283991newsML.txt,C50train/PatriciaCommins/283991newsML.txt,reference,c91235b09ad924251ab7519549869066c9bbd172ed44f328f7215994f072dae2,d1a7703012d6dd78e3f3e7330a34e73cfcff8f59ed355c69569699fdb016fb08,-2.272619237189689,-0.05841233238374145
PatriciaCommins,288774newsML.txt,C50train/PatriciaCommins/288774newsML.txt,reference,1a2a6e91989961c24e84cd59563574718f19107ed0eccd1214bfb15ed8767619,cde130d26539c5e7aaa5e666001cf9cffc0fd79feb9b42c307212dc851b8fc77,-1.5323948378656311,-1.0489587534452014
PatriciaCommins,291177newsML.txt,C50train/PatriciaCommins/291177newsML.txt,reference,c9631dc87cb63918e966faa3d19f0feb61bafed0b38663b96cdfbcb7630f5936,be9d73052a06d5c94dfbf24d0b8f421afaf892aa842e48cdf1b5281c5cc42057,-1.3838462824255042,-0.911663609538751
WilliamKazer,305704newsML.txt,C50test/WilliamKazer/305704newsML.txt,official_test,71308d534380519c800ccd17a59b9df9bf6309b67a528b5c4fb081138740acd5,1a35d5cf630519577dea0bd398d18cf114e7e882ebbfc5260458600b346ee3f7,1.2820153862103087,-1.7518821902733719
WilliamKazer,316238newsML.txt,C50test/WilliamKazer/316238newsML.txt,official_test,960ae6960870252ca310729eb10e16bc41b1f521eb87450cceddf0337a0f6fcc,6e3b5f4c13c9b4071314a6b8cfa1035ccd631db61fe5d5a7f4be25fdeed9d703,2.692231606828129,-0.5650300533166986
WilliamKazer,320093newsML.txt,C50test/WilliamKazer/320093newsML.txt,official_test,f6d4725ac7e3ec1964bf97df48d1226230d50c0e48573e012ee3c597f5e65175,2709974451e2671bfac4ba9fc55da0082d368db2218c7131f0c92849a5998bd9,2.9261909689037253,-0.09189051348441404
WilliamKazer,323030newsML.txt,C50test/WilliamKazer/323030newsML.txt,official_test,0f9a6432fd0efc343120d622c09a07a1b897338fd6cc6f91728647f53f2df236,261540838810d10c5f506fee20b3c0b715fdd5f03782c721e483668d38ce667f,3.1224113224162333,-2.0490281319152186
WilliamKazer,323194newsML.txt,C50test/WilliamKazer/323194newsML.txt,official_test,98b31cfb46588c6f147ce2562be08e1b1e90f7990801101f46500ee0eedad8ba,e81bd1350e81b1b7bf73dd225ca351fb56392d2994d785c0138fa4db4f2752ce,-0.6591218295858653,1.5143694570248756
WilliamKazer,326930newsML.txt,C50test/WilliamKazer/326930newsML.txt,official_test,880a8b74822555fb32b825452cd72c32978a94a9a93dace5e0fef34ca0284b94,c98a07330b65c014024de2add23bd59ccf73579db125bac3079d4096b51741e2,2.727992760878797,-1.010606097701329
WilliamKazer,345482newsML.txt,C50test/WilliamKazer/345482newsML.txt,official_test,0d07d8c741d89e38dad77c4daec278a482429e4d92339d74656ff188609eb58f,aea20c73ee9a70087cde672bcb425d6dfd5897287a554237c810e03fefa7b09a,2.4362305541054425,0.7061362427751123
WilliamKazer,352827newsML.txt,C50test/WilliamKazer/352827newsML.txt,official_test,7b3e088ec63c9f08baa78bd280715b162bd060e853562c84f444139bb2f2785e,bff53538fb0879fcc19aca91ac8692b4df44e650f499de8c558fae8dc4f4737d,0.2879107479666267,-1.2066021721729514
WilliamKazer,391142newsML.txt,C50test/WilliamKazer/391142newsML.txt,official_test,b647b8384f7a6523840a91ad8361c59077b66ad547284676f2674963c9a50244,b6c99daddbf73a280a7824e52ffaf580b04bdcfba8280335f7b41b398efc79da,2.130294046104172,2.0672956343521784
WilliamKazer,395504newsML.txt,C50test/WilliamKazer/395504newsML.txt,official_test,f27719c19ee09dd6d837dfe86dee12ffa8b9293d8aa6990673ccfdda9a9600b2,45b199a91b8966b8396a0e913c13cace160d08e43b9e838cf5d99c7ad88909d1,0.23142280072989904,0.5410491215560782
WilliamKazer,395790newsML.txt,C50test/WilliamKazer/395790newsML.txt,official_test,570f9ce391c36dbd493a2d7fb272749d55bdb7b1b2f004779e507615e87657dc,ba98ceca8b967dc982370faf62bcfd3d1c3db6aa3ce5e0068a2895141c2bd135,1.1617001673630418,0.3917588680573676
WilliamKazer,396207newsML.txt,C50test/WilliamKazer/396207newsML.txt,official_test,9f751a9a2b1d636538ae9760ee935cc0fab4a8dbd60651671a90fc1f4b75a4cc,d3107cfa1bec2a8acb3e825801133f78cd26eb844435cc6f853219c1fb13c7b0,-0.28010686959383335,0.5318541508150338
WilliamKazer,396728newsML.txt,C50test/WilliamKazer/396728newsML.txt,official_test,9f2d4a2bb6a403301cab8b2f50718301e8f65739e09bbc4389f28cdec9457a21,c5ffc5c56125f97bbd00b9fca4614fbfab4c9baa6bdff4b0202e8b7fc3b02e1b,1.052486675604718,-1.3136315990725622
WilliamKazer,401033newsML.txt,C50test/WilliamKazer/401033newsML.txt,official_test,68c28a26c8eaa87c57bea1887eb4496c049e1e66600bfb20697517b6aa7b08b0,f7d4967d15da27f44c7a64e60f07dc8441f6e260f1620005f3950a1fccec9b49,1.0055182462485104,1.8822895374023467
WilliamKazer,402543newsML.txt,C50test/WilliamKazer/402543newsML.txt,official_test,9e050ecd34425de4c6dd0679e03d6ba3e7f674b8a48c900df3ce0b96004d4bb5,8f88c0340cdc91efd71fb060eb00c5f48012ac423d439e7e25d1e27e1563191e,3.975850779851035,-1.5129835540708798
WilliamKazer,405326newsML.txt,C50test/WilliamKazer/405326newsML.txt,official_test,4a452de2b351d110b88b76454da6f0d2b899e4538f982d1594b0b4091c93facc,0cdc7b72b66fcdf0f7a7b3d90eec4727e95590a607bb1d755f5b874f940d8484,-1.6755777176393458,2.0659796703714455
WilliamKazer,412098newsML.txt,C50test/WilliamKazer/412098newsML.txt,official_test,ea0fe6f60e8e2fa44fe16ceb4f334d83abe35a9698560c540539f22d05425d07,7320b4129c09b513e2dadf2e2f716b169a9f5527359bdcf0c89d3f642f7c33f9,0.5060942926532774,-0.021500969532615422
WilliamKazer,416243newsML.txt,C50test/WilliamKazer/416243newsML.txt,official_test,6bb3703646ae71f3a6b4d5c7f54e9c7872bfc483da9985b0fc966ff411d21c25,40a15d8e9a396138483203acc8da520b83e6092c78324da0c0e735fcb66b0420,-0.384474712248688,-2.492838888821297
WilliamKazer,417666newsML.txt,C50test/WilliamKazer/417666newsML.txt,official_test,e39c2888892485591fdf421784fc1e4bf1a418d5ed791621e1575cedfc725f97,564f7b1f3fff5a5b4506f66a64b22616332ab4480fdbe9d8d1a1004ce4d9f3f4,1.7461616670811007,0.14362332600953476
WilliamKazer,425219newsML.txt,C50test/WilliamKazer/425219newsML.txt,official_test,f5334bcc520d1055e65372770420e9c34992b31ed42cef0838d0884829d52ccf,635db7f2c1251dbeab2feab486b95f2daed50c6a7abdfa4a4854275e17241e0a,-0.5461863794052,-1.8729472991027751
WilliamKazer,426551newsML.txt,C50test/WilliamKazer/426551newsML.txt,official_test,df900f3ac2d10784a32658486da858355c1817c44da5b7b45d04bb02b22571a2,d11d4606334663816147e3b6d8a393653ad38ddeed09193603f4e61743f7f250,1.1848181319642903,-0.7273235763672254
WilliamKazer,429173newsML.txt,C50test/WilliamKazer/429173newsML.txt,official_test,e7f27831c52164a84f8aece0bc254f722efc5b7b4a1922b98fd0b020fc9dfae3,fcc03a0f077b462fbdec99808e7ef3c0108abcdeb5b3017f86b02a646a27323c,0.21723300668413761,-0.22693791148629874
WilliamKazer,430302newsML.txt,C50test/WilliamKazer/430302newsML.txt,official_test,1b06f794157b470c6c001e5c9350f6cd431f51fbf3c2f3c9d91fd93eaf80b1f4,fe37bdfec1a26d641a62cefa3b9cbfd9a214b47a94bef31a3b8c043fad4098f1,0.5203233344665629,-0.23041392383748044
WilliamKazer,436341newsML.txt,C50test/WilliamKazer/436341newsML.txt,official_test,61f7926a4551174fff4610ca087c50977b16d429361542d3c7db19159b940879,b9be1ed40ff444165c8b99499af80d37932d97d9cbc6190b2679cd9abb0814a4,0.552074694568513,-1.745938858797388
WilliamKazer,444197newsML.txt,C50test/WilliamKazer/444197newsML.txt,official_test,1210f28c6267c82a7406ac6f30f2acb926f9898d3993728f9ebef8a5afbddae4,fd8487cf56cc60efc683656e249b7fb4aafb6f9b4ddb53841714fa297198b685,0.8587875574403129,0.3497267619751645
WilliamKazer,444464newsML.txt,C50test/WilliamKazer/444464newsML.txt,official_test,07af85221632d0ca0dc4864235a5d788921bee0b8d832166791ad94f6a1d0f2e,574d53d5ee33af2294a026e690676c2b5712adcfd15b3603a36f3bf94321589e,-0.786755810574085,1.1162493570305114
WilliamKazer,451527newsML.txt,C50test/WilliamKazer/451527newsML.txt,official_test,9f940f215d6aadd6aa6d89e00617fde96a61a6cd1c3cd2c0b47d735ce29c0d33,4643234e70fb461501367fbc82998e0cd8d1e0711e90946564dbd9a5ab9da49a,0.6717745243259419,-0.9375908181079048
WilliamKazer,456140newsML.txt,C50test/WilliamKazer/456140newsML.txt,official_test,e9159cdbd1b3abb19c7b3085e33329ea17ee28b7aede5202cd2659994d22a5e9,4e62249b0be6e625ba2fd744d8e5021dc7542467bdc8737689fcf4658a8519ea,-0.012097447131409585,-0.5867678559342853
WilliamKazer,460924newsML.txt,C50test/WilliamKazer/460924newsML.txt,official_test,a059269743a82f4af1b051493f18fe0c40f2395c59c47a6e811943cd5411e5f8,e69e2ed7a1592a978fca0cd238d163fc9d2e1dfa8439e6b10d4d8a59bcc5be9e,3.449241224294595,-1.1093817068751348
WilliamKazer,462143newsML.txt,C50test/WilliamKazer/462143newsML.txt,official_test,aadc65cf7497901fb360267ca0dfc29015d30655cd4e36f281464c4912576822,6044fc97eb01bba45b74b804a9e8998de467fea75cc95777e7a45f358dbc4cb8,3.0862260002049346,0.5362490310307644
WilliamKazer,462169newsML.txt,C50test/WilliamKazer/462169newsML.txt,official_test,907a620f67e492bacc2d5fe0cf68585374be259fb647b9307fceb43f370bddb5,c29be6b6e41c78ec5323a585813ac524c38d8f6cee8095fbd456b35a931c905e,0.41870972345364793,0.22219177613858837
WilliamKazer,46254newsML.txt,C50test/WilliamKazer/46254newsML.txt,official_test,895560bcc6d552a14f9d1e95b7f1c9da2146ae3fb0eeaa390b215ec97a8c0ea4,cb02c6d22dd83320ca8075010973fffbeea656982595c9d13db140d9f989e9e5,3.261989632444927,-1.3735127256271662
WilliamKazer,463380newsML.txt,C50test/WilliamKazer/463380newsML.txt,official_test,a99018406ead17014547c22415cb65f2b77b568a8d41f348bc2c81127346a998,3f85a7f6cce68b48035569b8200912d4085a196ca53ffc884f2d545cc42e37a8,2.1828247528496676,-1.229756862469982
WilliamKazer,464888newsML.txt,C50test/WilliamKazer/464888newsML.txt,official_test,94ec65185505cdd76b469a5ef647d6a2e4625e1877b965464523ee37207ca62b,2ed095e7006fd11ae86f338df7be5e58c498924147d06fc119ff7f875aa0f595,2.3173048342439975,-1.2633337938461329
WilliamKazer,466101newsML.txt,C50test/WilliamKazer/466101newsML.txt,official_test,9bcc0dd366bf75747d295c3863145ef7f3143c963de3ab8097d2f822de00d98b,f1504bd70b555695b3299dfe486b6db077982cceaecbac650aaf548dd2858000,0.24704551331180954,0.6136680758459271
WilliamKazer,467718newsML.txt,C50test/WilliamKazer/467718newsML.txt,official_test,889d4b10705c74dab9fdd92dd011001340ce80cceecba1a1d4b5cedc24ac8c6d,6ec2a42d935026b6800f507eacf749cd2af2237ca3440601d74a13458c1f81cd,0.4655515573778664,0.07367868638417666
WilliamKazer,467962newsML.txt,C50test/WilliamKazer/467962newsML.txt,official_test,39c3ed88f7c4007f418d15b44a3ecbbb1a59cadcbb0b3caae187af077c48941b,f137049c461299ba795e287925c710998ad3ff11331d809ed873298cd6187ab2,2.0322261865037303,-1.5935683371254954
WilliamKazer,473642newsML.txt,C50test/WilliamKazer/473642newsML.txt,official_test,15db2d315c8341e7d5f65189e4dc8d087a6eac4d15c11390ed7ac5795d7e1c04,8bdbd92aee3b02901833e0ea30a8fcb2bdb06048aa7946e3a0f1220ddb212d8a,0.15804444950140886,0.40259385353785526
WilliamKazer,475305newsML.txt,C50test/WilliamKazer/475305newsML.txt,official_test,16d31a1ede6e77a50c08de998637ce19de04355b9961bf4cc8618801bb7a7d26,a7798ff022bb27de1872a7fc5d99cb92968b02978c348841f22de08ccd362f3f,-0.08531277302093364,-1.2875019433193389
WilliamKazer,475505newsML.txt,C50test/WilliamKazer/475505newsML.txt,official_test,feca3710fed247eeb1d67225b46748110412b5cf90c0d4fbe103e2b6c9998ded,eeac943aae566448fe8a8a8e45dffa7ba482a3c7001d14bff5ee009235dd9eba,-0.08531277302093364,-1.2875019433193389
WilliamKazer,476736newsML.txt,C50test/WilliamKazer/476736newsML.txt,official_test,22544d4477fb8d6979f9238134735ed3ba08136d4efe7070eef71f9973dd8144,6c685f8144f3199210461c9116bf9ebb91f08aeeede237ca620d85b5a083e7bf,1.4453401012074152,-1.3398560330799332
WilliamKazer,480381newsML.txt,C50test/WilliamKazer/480381newsML.txt,official_test,73d6db972a00084f997185b29dca776b5cd0c128d10b1981bf914ea1977d0a89,cf123b6748571f5e1929ca8dd647c956c151e6fa7c50caedcb900ff2e5a0120e,-0.7838077504763784,-1.218165712460599
WilliamKazer,489283newsML.txt,C50test/WilliamKazer/489283newsML.txt,official_test,ea80fc663c400058dd52997eb2625a72e16d192fb31d4eaccb19be37318e3568,e65f52d249cf06578df3f7bdc752e2979246935230440f2e2b71e8d071550b5c,1.045228011229964,0.09652044414805763
WilliamKazer,491019newsML.txt,C50test/WilliamKazer/491019newsML.txt,official_test,ba33562989f63a6b16102e7e08e7ee62997da5dee63b02089a35175df355fee5,d0e8e0714df99781eadb5ac0497f07491cd19762ca7a210ae892b0850749d7c7,-0.10972427577261896,0.4389418386763538
WilliamKazer,49404newsML.txt,C50test/WilliamKazer/49404newsML.txt,official_test,136679275e3b84056a1181cebf416b13d874e4681e3f302bc996f3019fdab0d7,698cda645650e912ce51478b24c4785768b207f1152ed8ebc0dcdc81d43b5566,2.2617985114394346,-0.7092182349368988
WilliamKazer,504283newsML.txt,C50test/WilliamKazer/504283newsML.txt,official_test,6103bb7cd2f5104d8e533bd6b3af8c2bb1ede5e64b323b718fc14675bb7dc808,235642e5caa1b9a1e93a3d7b432e4f5110f5d44851a5fc17194e684623e05382,-0.2992960178771318,-0.6697693907423021
WilliamKazer,504526newsML.txt,C50test/WilliamKazer/504526newsML.txt,official_test,c9ebd386d8a7ccfe8f31c10a0315351d2b0a7c9f77315fe0f121b32b2c90984e,a5d42fd681e4e4bdf3334fa0949771865b60745fe2599f8aaf7a9a30f99bfe60,-0.2992960178771318,-0.6697693907423021
WilliamKazer,51502newsML.txt,C50test/WilliamKazer/51502newsML.txt,official_test,4e8e1d954f992ea93ac589441f07948d6af8edde80f2f2e818bec04693dbcc44,bff382c7266b92cf47eb9c323ddaa1660809fd6ba7f498d813249cd752f2ebe3,-1.0078881720820603,-1.585874538830199
WilliamKazer,522090newsML.txt,C50test/WilliamKazer/522090newsML.txt,official_test,7dc1a2f42e6bcf718b05b7449c59328c0ad910062af04c0a8a493fbfa31bbfff,35aafdd91e7bcbae43cc6fde755f6edc068b26061658cd32afcc6b686266a69c,0.7308900675203059,0.14922205205666064
WilliamKazer,58312newsML.txt,C50test/WilliamKazer/58312newsML.txt,official_test,9de1364390bc82237ec7ea814234e85a0e2f622a64e418b2345f769292c787b5,451f6c76dc0aa7128527724591a7374028a6b1d808e2b30e7419ca2956f43b6c,4.8200693914560375,-1.1564519818128265
TimFarrand,244215newsML.txt,C50test/TimFarrand/244215newsML.txt,official_test,22067c7575a304ad9088969aa6379dc01a82189e1e57e5638e0f8595dbf86840,9bcf741baf10c90ab4ab94ad49b0aa7d12a227f6bce9d0daffb3c04c42ad66b6,1.9372692271703278,0.9672478717130009
TimFarrand,247062newsML.txt,C50test/TimFarrand/247062newsML.txt,official_test,c490c298703134a67e2766847a1efc2e8487b239da10c25201bbe0e923071228,051ffeb4353ba3bde21de8fd9bdceea80d8623537922c7c7f8085c1552f83ed4,2.4403725943692662,0.38899484150775343
TimFarrand,24919newsML.txt,C50test/TimFarrand/24919newsML.txt,official_test,04ce3f3fc91dda076af08bed4fe1760bac3d62d8cf62e10faca05f6bb7e354cb,193611cad0c05fc3f9485631b20e4e5df3716bfdc9f2545d1c9ed0b42a7312c3,1.746026666565343,2.6749037853572553
TimFarrand,250585newsML.txt,C50test/TimFarrand/250585newsML.txt,official_test,b8a8d4217b826641579019a3c33c62d336675203147cd352d515e52b5d6a6e79,d370c12635b5f126db314990b1acc16c902afb14d08fca33233c33eddd5965e5,-1.3762643255002942,1.001966056960178
TimFarrand,253041newsML.txt,C50test/TimFarrand/253041newsML.txt,official_test,2aa18b4b648e533f8be1b56eb8ba5902dbd817ae8b2eb6169ba89ae5440f91a5,9e45d6505a0e688885fc5138a7e596985e55f2cef41ad2004cdda77f2ad19d84,-0.5514772023804458,1.0383624244860752
TimFarrand,253128newsML.txt,C50test/TimFarrand/253128newsML.txt,official_test,e09eb117797867d779d3ad325f06508405ff0b056e332f3d4a445c81cfc789df,294ac0e614e8eb1886778e83a5bf1442e56973693c682efffc38c1d77f498360,-0.38305868732875326,0.7111104308075953
TimFarrand,258162newsML.txt,C50test/TimFarrand/258162newsML.txt,official_test,076db284e27d7a5f9bcfc1c19505ed70694d7e28c740cf649e152519b6f6feb5,06d30e3abfb01b2c457933758e389226b689e387af6303a838dac0bbd1ffa1d5,1.4366645797970217,1.9390171149142703
TimFarrand,259532newsML.txt,C50test/TimFarrand/259532newsML.txt,official_test,6c8a6712c5f476ac6397b92a928d2e565c8b27a73d13a15baadc9250735e17ac,b41f93a316866486e521e8f64264a0eb949d36888fdf9525ebf748294d70e946,1.9785956596291292,1.5447464362716723
TimFarrand,262620newsML.txt,C50test/TimFarrand/262620newsML.txt,official_test,406ba2d96b0ba15bdde1f363b518a571668e65f38aa80c97ca4a34d2e4df75be,856f78d988b5fb1380e505d33b8c0aa4b09ccc98b938c88cbc5e028e0580ba3d,-0.22128428118184296,1.5212220316207035
TimFarrand,262644newsML.txt,C50test/TimFarrand/262644newsML.txt,official_test,49e1bd7d890a49fb8a478f6ff16ec8c99ae523d5a828762b6e30478ed24ee5a9,20c6a1a1600c439bb588b87b548185d60b3a910fe02877b076dec9683c3cf556,-0.1420240732132097,1.9589259810999866
TimFarrand,267753newsML.txt,C50test/TimFarrand/267753newsML.txt,official_test,cf6682a30ce6c49e092d523eb134337dbd7f1daaf42882697abd70f790a6436c,3d97ef6ff789c83590f7b5aed8ea5d3356c99e04d557f4557aba494c9e540fb4,-2.2396367555382852,2.75754746897974
TimFarrand,267997newsML.txt,C50test/TimFarrand/267997newsML.txt,official_test,756b5ed5e812748bdea26ba708085a9785ca759b07462fa4fae4612d3a53389e,b6b6ec6190a0361a557be6402fbf867b278d23c104f02afc5727274b1d3a48c3,-0.10515787952594746,0.5705184389241763
TimFarrand,292123newsML.txt,C50test/TimFarrand/292123newsML.txt,official_test,e95204aec0f7373800ebc47bff77f2854bcb2ea73033092b9614bfc84ee82d0e,3175a2377f06276eeb74a93a61a9ae2cc0dde40b146911af5dec217b3bd17bf6,0.7290423839980192,1.4546615769954554
TimFarrand,306551newsML.txt,C50test/TimFarrand/306551newsML.txt,official_test,0aebb131691b6ee2aea9cbd565a0efad96b91c71c58d90a7b21bee524ec34cbd,a0b291d1b393390b6f83d01da067c787d7b81fee9c84c6aaf9051dbc12b55376,3.259573625349488,2.26816274243014
TimFarrand,307168newsML.txt,C50test/TimFarrand/307168newsML.txt,official_test,71894d271fc947b6b0fe9e0d64edf6cd3ea45641505771896a8ddbf8f98360e1,a28d55bf0ab12b9d5fa2e25c48cc30d15579790c4a7ed78fe6e5afd10f805d1e,6.620100241391976,-0.6088377507198757
TimFarrand,309610newsML.txt,C50test/TimFarrand/309610newsML.txt,official_test,b7abb1b0798609a880bdf8a42fa7224c62ee9bb837e28899d912b3762e832253,fd004a930f85034df5e5f9133a7fa6e2d43acc94d7b2fe1cff088680b3f285dc,-0.4424496862228695,1.8005861544050832
TimFarrand,31031newsML.txt,C50test/TimFarrand/31031newsML.txt,official_test,4721e41dfdf3d2265f6eb14412f7ae7d3c80fc62aec6b16b62665cd8b8c41c3b,de6592126ef0cbb7aeb0979aa4c9ac79af5c78518ca75d6e91a1b7c7bf4d71db,0.9062193362991249,0.6332658853050923
TimFarrand,31143newsML.txt,C50test/TimFarrand/31143newsML.txt,official_test,a0f2407b1ca416d89fd3567b361f4ac1d2ce568045d6e67160f4331307c9b4b5,d3b881f281c661ef2c073f006d734706a9f7a0555846eea2a7ea1a6930a21439,1.0789949924775104,0.9535190391122979
TimFarrand,315548newsML.txt,C50test/TimFarrand/315548newsML.txt,official_test,0f7e4d9517c4886016f8464b34ff869ded6297541894dc41e5289b811c616d1f,786599e10095811a9eca3382006d0af851114ca42e9daca1fd47b56c63183479,2.2968308995431257,0.5247928155107628
TimFarrand,318218newsML.txt,C50test/TimFarrand/318218newsML.txt,official_test,955f5040be2ce329abebde53d508a13871ecca911958e8fc764d629114883af4,252fbd20509e158c0d5c88f9e18c14102f37ef90206cdb5da7440edf57227406,1.4942813623287294,0.9063052464687916
TimFarrand,325763newsML.txt,C50test/TimFarrand/325763newsML.txt,official_test,ac7d38c06a92b0338175cbf24a574e49ef0c85bfe98deb856974848f630d6190,ebb69877346e3ebd12c04254557a4707db3f3ed277efaf45d843617d59dd1ebc,0.1878096843129201,2.470096569135285
TimFarrand,325855newsML.txt,C50test/TimFarrand/325855newsML.txt,official_test,395a6679ca84a2c5971ea50e90ded6002a53d58b9f7a6a03432854a134747fea,348dad08e95ef0171498c7254ebb7cede8fee84b8df6472c6649f30fd25947d6,0.360115618964698,2.5704380686947776
TimFarrand,326348newsML.txt,C50test/TimFarrand/326348newsML.txt,official_test,5b8f5404ef3e3a5307d667a269687b753e9f9c7a8146bacb4d5a3018b615bb0e,437a2cf0ffcb14e9ddadfa7921fb0cc680d8081cddd8e49c4b32fe2318d75e9d,-0.3808789971629159,3.6834684729868035
TimFarrand,34067newsML.txt,C50test/TimFarrand/34067newsML.txt,official_test,c09fe35a0b136bcd57cf37deafdf9c5900d5cc718e3a78089ad6fdd5946f4984,8f826fac0e74730023690d4836cd16aebb1c194f01812344283ce1dc0bcb9532,-1.1683378313273411,1.850465567964939
TimFarrand,345001newsML.txt,C50test/TimFarrand/345001newsML.txt,official_test,3b69b6d958f94011155ace351ab788881e09abb4a3d4f9347799a20df0eb163a,f96ce4643828e1f0cafbc156bc0993b5fd863fcb46a6b858b93cbbf165bee5ad,1.380379554366022,1.1608522181934264
TimFarrand,361229newsML.txt,C50test/TimFarrand/361229newsML.txt,official_test,444544184c141f06244c4d5ee39b35602b8a714a00ebc6e13147da3d2c9c24c0,2b2f097d20305d7d32559dd7b8d8237ff0c0c04eca017a70fd62d7fa782ec6a2,0.68256043828338,-0.22057105780030842
TimFarrand,364018newsML.txt,C50test/TimFarrand/364018newsML.txt,official_test,3c49f39a720e95cd9d1126050513babf848b07ced8edd2c401bee80f7f70a4b6,75e77ce23dd7c091e09c92d1394375416711f228436a6c18ee89dc28938be891,2.82090257779258,-0.051982179812329665
TimFarrand,364077newsML.txt,C50test/TimFarrand/364077newsML.txt,official_test,c24de8cc9cdcf64fb956cd44b71378740b54bbe8641d2f6faf0bdd7871d3bdb4,09bcc4bbacd00a633558b5f5cb414692e4a34e7571c4cbb045391bc85582701f,2.82090257779258,-0.051982179812329665
TimFarrand,367648newsML.txt,C50test/TimFarrand/367648newsML.txt,official_test,5b6212088a19509c97222645bb8ab849965de9379be8a577a2ed9383ae165b19,88e9e6c79c353995ba9fcbc78d752cb0fafad2b63bc2a68c23fc481871f3ab69,0.6299002678596476,1.4414021935346406
TimFarrand,368884newsML.txt,C50test/TimFarrand/368884newsML.txt,official_test,c5e5b04d6808f0f966bee36c088098ba4ab76714e6bfe8f87ca494b7cf02de15,13bb9ade912cd413e1b044bb4c11b5bc9c3b5a20847631440b1d04f644aec5c1,1.5448567513614215,-0.5212189108671419
TimFarrand,370324newsML.txt,C50test/TimFarrand/370324newsML.txt,official_test,5e51e559957119b814a412b6c24ca0c353f4025b591648080779c565495553bd,6b94f00b25d9136d1e4eb8da812bbb48e99b87f27b0d3392b78295bbe7d63545,1.4637002694900003,0.03637380508567881
TimFarrand,370357newsML.txt,C50test/TimFarrand/370357newsML.txt,official_test,f49231b7aa0397df5a0936d9387cceb88c8e54bc661db0ea7dda61dd10e9cf87,54e54e9ac473ef9dfd34006b0b7c96abe1183e42b980a6d65da708f07adc40f1,1.2463261011543856,-0.45812447346816915
TimFarrand,394805newsML.txt,C50test/TimFarrand/394805newsML.txt,official_test,8d789c2b080c218392ac30649ca093dfaaa83d8ec32c78beda93ea9b5bf31653,e2ce51ea42cf4498cba4cc6fdc14a4c64921aa5aea85f1ed6019bc7422bb7bb8,2.2665934578281823,0.013622599989395901
TimFarrand,394806newsML.txt,C50test/TimFarrand/394806newsML.txt,official_test,6ff8e1ddba7fb67d9bcdbf4e41ab915e7ec91d2eed120b7e29ef54c3b4b01954,f3f0a4b223b38f6824f3fe2ad1dbe0fdb62aa034ea70d3d8723e13fd561bba09,1.9572170025711024,1.4168207112094846
TimFarrand,406917newsML.txt,C50test/TimFarrand/406917newsML.txt,official_test,6db53412c0a48ed35f23522e4b346d71fad293a88da1fef2ceae67fe148da688,a6c8a092d2bef2004e6142d4f55b3f36072bdfc27476ef6d7977fb6a7a7d84d6,0.8479471008584691,0.6115782194233745
TimFarrand,408132newsML.txt,C50test/TimFarrand/408132newsML.txt,official_test,e2244bdb2026559d91af1ef4c8fc249fc6c62a1b6754ac67ba374a27c3ae3cab,c4ab98bc67b40f3c890ba29fe8a948a58a860e8e11ffb0d5c558b3268b1b3e8b,0.34730727216648344,3.74399299633172
TimFarrand,408804newsML.txt,C50test/TimFarrand/408804newsML.txt,official_test,14e28a897d8536a2ca19c65318c0e5ddbbdcb2fe13890282960208f5a5d32c70,fb751530c293653b37bdc83fb3fbe3b5ada8dcc79761ae70f0f5a64c093592b3,1.263111837320062,1.8707236652243107
TimFarrand,417103newsML.txt,C50test/TimFarrand/417103newsML.txt,official_test,00ccdee69a68a99d4ba2b13efcf5159605c5ba8a5f08ff6acbf5c9eacbdfd41d,17252113ec30bad600801ded5e9b31d9a491ffbfe72635dd22a8478d8de958e3,-0.048536311815960756,0.864822933649652
TimFarrand,420491newsML.txt,C50test/TimFarrand/420491newsML.txt,official_test,5bd081a2399e1e4fd9b412267f5f43b6ea61316684acd0f643e32f88dfa7429f,644beb468544dbe057c97acffc7455453f0dc3403cd4e70a4723e33d09f3b1b4,2.08012595703396,-0.027004110477004434
TimFarrand,420497newsML.txt,C50test/TimFarrand/420497newsML.txt,official_test,b9d01c638fb2c1d756fa7bd5a0983e3c1179163de65c3a27e48f416e33863774,19ccc088a5fdb2fc844d8ea6ea2faa620d436b4e5352a5bd9fa506de4cfc9e25,0.17024646892492742,0.9958362705207858
TimFarrand,421639newsML.txt,C50test/TimFarrand/421639newsML.txt,official_test,840b23696ba63e637d2c7c21806aa1ef681c0be42114b0374f21acf6e2e55bed,d063f5a00a655e824b1f38eff2b16e5aab565c9f41d5ba775ef49d7b48b6c086,0.5541160661115517,-1.0322764797814112
TimFarrand,422052newsML.txt,C50test/TimFarrand/422052newsML.txt,official_test,4194011a29294717ba9ca813b30c55e40d3713d08bc7c172dad08d58cf675af0,55ea2b42d5110a23f9b47e8bd9572144a59627d5c8fc1c74a9d9dec665e99321,0.5541160661115517,-1.0322764797814112
TimFarrand,422134newsML.txt,C50test/TimFarrand/422134newsML.txt,official_test,b61d079cb4f4260bb7aa7eacb28a5d0f9b506316e2768e9310db34c5e91fa478,56a2cc6636c00c1f9a3fad82ec317771e9e4c777af34158de02f7d65e1d5052a,1.983527052085073,-0.6368549675720903
TimFarrand,424443newsML.txt,C50test/TimFarrand/424443newsML.txt,official_test,52f44ace93da136c2db0c41dbab320f7bd57d437c9836378ef978d83b4e21446,aec93ff651f7f6fc3c885de5e68667c954fce92985efc1ebb12015c4735b22b2,-0.2830780313494459,2.639261677771709
TimFarrand,424512newsML.txt,C50test/TimFarrand/424512newsML.txt,official_test,d3395a7089e88ee66f0cca186151b443461ed9b8b42376e4485b3c242d8646b3,78304b49544bbdd2558a324fbc2be6c786a056f65c38eb5797a015be2d3cb6e5,0.3316880297984988,0.8538194821450844
TimFarrand,425010newsML.txt,C50test/TimFarrand/425010newsML.txt,official_test,2fd7c2699fb656f1f09ebb0716f8cc44417f6ff98d6e221074547b831d137f04,35dbb6a7ad8811dbfded12f584efa087355211d41f62934106b8410dc21b3151,-2.4037884927600226,3.08009768954514
TimFarrand,427280newsML.txt,C50test/TimFarrand/427280newsML.txt,official_test,c8db776bb174c8f24ed2e2d13ef3d32d901f05c226274a1794f6e0a5bc4834bb,51f9a59f7408f0e2d1ffb0015521ec856e2a6392ecf5733ff6d985db8830ae0c,-0.20549404279045577,1.7729771092702389
TimFarrand,438886newsML.txt,C50test/TimFarrand/438886newsML.txt,official_test,f8e0137b3874c10425a862c261693814aa9e96d7db6446ce9ba62e1f52e317ea,bfe5ed92cd3b7c15571fbef65b355d5ba7417f646be666089ab5542062280b66,-1.1327929448655287,1.7658309761324422
TimFarrand,438888newsML.txt,C50test/TimFarrand/438888newsML.txt,official_test,0d7791f252e51e892aa89968fd36211ac36f23d7af1fb1dc97da87b0a17433d6,43510ae966eaf0ca25cb3cd60b5908ad5d13fef039f54bb1c4394d1f62e0d308,-1.2164507919765761,2.125427717274099
TimFarrand,440541newsML.txt,C50test/TimFarrand/440541newsML.txt,official_test,1d4666504f24ee7527fe3defe1203c42a5ecad68c102a54c98f6c3249f0519f4,eb2102437b5ac4bb5d9a01633a211d02cdfe1bd2a9f9bf624c82bf8bf57b2c47,-1.4617647954473536,1.5660234346991575
PatriciaCommins,2911newsML.txt,C50test/PatriciaCommins/2911newsML.txt,official_test,79d3e436239be1c0014880d2f9081a16abb36ab7254bdeadb491c2f782591d88,ab908649e2e0800e5671cf9cde502bf6db7f850826c9b995e1b0f44c36afa30d,-1.9408105629087646,-1.2724683490377011
PatriciaCommins,293689newsML.txt,C50test/PatriciaCommins/293689newsML.txt,official_test,28497fa739c731b1d46d164f20735b40d887136927e299ca8585dee7dcf8352b,fe2361d8f6900408c7a59bf07cdae579a59447ed57052c8d1b5fe9eb1917934c,-3.2430327538441373,0.08485523757063565
PatriciaCommins,294155newsML.txt,C50test/PatriciaCommins/294155newsML.txt,official_test,0f375df6170b2eec0b9262058102aa009acdbe2e249fe2aeed656372e80a6052,bd2ab60eea99975369329b10d23b684def83b1d2afde6d4f26b5546b879bb2a6,-3.2453862060838397,0.08038612046231373
PatriciaCommins,29747newsML.txt,C50test/PatriciaCommins/29747newsML.txt,official_test,a0a448f65555246c88f53598de898b0573214c88a41169c3806410f5df05be09,1adafbcca5f6c94283b322cc31a899ff3c9083da38f96b0452a6a9ead982e15d,-0.9615948705986341,-1.6517630298371513
PatriciaCommins,302920newsML.txt,C50test/PatriciaCommins/302920newsML.txt,official_test,5d38309c1cef2e7b7a3f7e0cdea7a5d42d7c6f791dca7ebec5872d98d23eaf05,f636567130d43ab8c49650da537c71965e3ab51eb129eb2cdacd2fcf6309dd1d,-1.4357474570707707,-0.43359820777204783
PatriciaCommins,303107newsML.txt,C50test/PatriciaCommins/303107newsML.txt,official_test,9a78f83651cbdbdd58df8a4a52027121c01dce57d4aa0c303ebde75661a73c5e,32cb367da0f6cfdff7dbcfa3c9d806730e8463661413e598a06e767777d0dd2e,-2.7316575974619157,1.4631550285541126
PatriciaCommins,303415newsML.txt,C50test/PatriciaCommins/303415newsML.txt,official_test,a67f7344c9c75ffe6b93d6b07204ea777491d4bf57f9fd85bfcd1c2d30a23f96,533f926482d11c3147ba97034f8b8ce95570ce375c974e685885aa48a10e8ca9,-1.4357474570707707,-0.43359820777204783
PatriciaCommins,314014newsML.txt,C50test/PatriciaCommins/314014newsML.txt,official_test,9871203499dd4e9a4c6a87b7778a079b06d0b69b9dd3d53d2485fb77bff66818,f68e4bf2b282baabe450a0f656465679f4d6a20d1620750da9caeda109808fd4,-0.33802147728120385,-0.20598931631134257
PatriciaCommins,32110newsML.txt,C50test/PatriciaCommins/32110newsML.txt,official_test,10cf4e9efd13b58c6d4a458000de382719d8713d151035d4be2e855562b701b6,b961bd0877011015ae98d44b40df8c0e94f2a82200c90caf4649edba833f38e0,-2.7586682919998426,-0.673874619267467
PatriciaCommins,331817newsML.txt,C50test/PatriciaCommins/331817newsML.txt,official_test,22027d065c0072890e115ea8513b1c9c68a7d00406906b0c1f78165f68dfb670,296ff8dcce1c1dd94c1f8572f9ab827af43a20fa32ef5db0a5556e84a650eaff,-1.6002621987056946,0.2506421678394303
PatriciaCommins,334989newsML.txt,C50test/PatriciaCommins/334989newsML.txt,official_test,3f695ede20ec9036763c8a89ea313b67e2efbd38af83b7f786b861d2ef744e38,a06bbcfedb3827d1505b62ea3223eac774af9a972e6ad6ff1c0414caadb2652e,-0.5774715846716484,-1.125815057525186
PatriciaCommins,335312newsML.txt,C50test/PatriciaCommins/335312newsML.txt,official_test,35e60ddbf9826a4a3d810244b828663ce3cb2e4a74e5e3383409b039a102c1f5,10a7cbe2a669d52d9755380c1d089c1f6bb19812e7018e9003adf41d754cb05d,-0.5563929433058785,-0.1727147860116374
PatriciaCommins,33704newsML.txt,C50test/PatriciaCommins/33704newsML.txt,official_test,adc979458440e08b881ad63817cdc3d1224b11e7cb8f459550adbdde95d2e245,c6f2c9f2e57d03e301a348687eecef921c31525d55b2acd09763dfc94f6e837a,-0.9499932908025831,-0.09318385500450482
PatriciaCommins,343984newsML.txt,C50test/PatriciaCommins/343984newsML.txt,official_test,592c08fda292161f036aa3fa4d2e8f70d5e4a59f1d8e291a02a4aef54f0b1997,e3f5e3bf153dbdbf1cd7a45ecc9a1de39db11e664e78f17ecc70f5fc518ea6ac,-2.317943839753745,-0.5067059727131178
PatriciaCommins,347178newsML.txt,C50test/PatriciaCommins/347178newsML.txt,official_test,79b3dd7289fac6a3969ecadc7395abd03dc4d73cd9289d796583e2804fc69caa,4a871823992be946080b3bda91b8c956f5da60d4ac62078befe11c7ddf61defc,-2.4818875144375343,0.7457723281859759
PatriciaCommins,35005newsML.txt,C50test/PatriciaCommins/35005newsML.txt,official_test,40457939763088d8322d2d937ad1322e839d32c58a3d8a0c5dffb56a304334ac,1cc0228bd5a39823bb04f09122cae6aaf6b54d1760ac2952023e624270d215d6,-0.36348937654677166,-0.15936265402839578
PatriciaCommins,350167newsML.txt,C50test/PatriciaCommins/350167newsML.txt,official_test,91b3b959d50ed2ef24b1ec75bd38f870bf92b4db6020007ffbf500f61e6e9cca,0e5ca46d7b2a8812549baee3f75eb2b7282d5fb846deacc3d0b1f9f38ee44743,-0.31157563872654953,-1.3493918476724813
PatriciaCommins,351736newsML.txt,C50test/PatriciaCommins/351736newsML.txt,official_test,e665b69400733c398fe3f5b98e7090426f8eefae0e740d9fc91fa1ef48b2932c,ef1770ea364d25117e6674c8a744f8a5e1b10de908ffca0276680b6b308f80c0,-0.3158342665888679,-1.3574788214875384
PatriciaCommins,357162newsML.txt,C50test/PatriciaCommins/357162newsML.txt,official_test,6514d43914cba3ba9f8328214de8b3da5c83e0204b6f647cee6f202ecb80b415,202941235be185d0910a075c20919740c6a2dc0de017eaa834f56b379331d207,-2.3503290562575456,-0.9085210534976152
PatriciaCommins,357273newsML.txt,C50test/PatriciaCommins/357273newsML.txt,official_test,cfeed653cb0999125b5728ff8a03d9782dca391e308946ef6c31ae4918635141,169a90245b6dc9f52960f60fcf1e4dd38f4f997170b9ddfffdf6702cf11c5d25,-4.5699128437823635,2.163537034250171
PatriciaCommins,360832newsML.txt,C50test/PatriciaCommins/360832newsML.txt,official_test,7dfa197b885f3f0e690f2faac383888389b645a721add1390b3653da24a02eed,6ac55eb2a1f057d201e276acf745c403cf769243dff4c2db3b47e3ec07847850,-5.340221934305098,0.1715338306914042
PatriciaCommins,363833newsML.txt,C50test/PatriciaCommins/363833newsML.txt,official_test,e8644eac1b5e8b8dbaf2a39e58f52c1a6f1b1843ba03d296f7149a62fd353121,12d529203aec7db63f6afd63da5928bb9aec803b48dad5f875343e96efd22cba,-5.337868482065397,0.17600294779972425
PatriciaCommins,384813newsML.txt,C50test/PatriciaCommins/384813newsML.txt,official_test,ea6496dd9a9c64fec93238b675f605ae35dc8fc8f34f741ec775a4f6a55e8e23,7ff446fe2c3182f1ef003d143b84e27fc59dbf51072d57060c99c64a508f981e,-3.36569111565977,0.07775219265390601
PatriciaCommins,384968newsML.txt,C50test/PatriciaCommins/384968newsML.txt,official_test,d28dcb0b989597d767403e841f2f1ea6bcaff347cf2ad4932c9632d62213d1fd,b1c26110955932c3cd3b7cc3cf9470530b62c837d1c5e94768e36d07eee2134c,-0.8144915171554503,-0.4263818410180999
PatriciaCommins,384992newsML.txt,C50test/PatriciaCommins/384992newsML.txt,official_test,4a4e8197fc3ea7ff668a18387db85e923a572ebbfe5615ec108a547e9632902c,de2877ba7e1fb0f5f73a689c9a69339787747ca6f83352900480912cf2e71ac6,-2.7909359074835685,0.7367221274752322
PatriciaCommins,386926newsML.txt,C50test/PatriciaCommins/386926newsML.txt,official_test,f4b23acd246cfbea5263ec7f70c90c1bf1e5c358d7a32774d2a7f5716fabd517,a8342ec1f0144288005844e731dfdb583d73623f08b148cab06fe63b90fa23ed,-1.8927103086028776,-0.20456061090258712
PatriciaCommins,386989newsML.txt,C50test/PatriciaCommins/386989newsML.txt,official_test,d5159c84d56b7a05d0d3906cf9bb2adde289f6c261ed24ab4345fcf06101f9ad,85e9f2eacb8416061db035d37980ee9c8b1955839fd6f58d5df0f962eccc0345,-1.2018735924271893,-0.4469431076234395
PatriciaCommins,388290newsML.txt,C50test/PatriciaCommins/388290newsML.txt,official_test,ca818692945506034feb3c6ebb54a6a1709c529ebaf96944f024876db841be84,90296905a1086fc357448f3e0909ab4d5f09834a5b1d81e5aea5af148be9d909,-0.49912849776655,0.15349282827012772
PatriciaCommins,388381newsML.txt,C50test/PatriciaCommins/388381newsML.txt,official_test,16d11ce3232bb49710621c885b7e1805423ca243c9d6ffcaa6ef621192051905,4f23040c3ef0ed860cae0fabd7abde4fa809a2711e567049c943a548912090d4,-2.5020366184746368,0.12035567781145898
PatriciaCommins,388386newsML.txt,C50test/PatriciaCommins/388386newsML.txt,official_test,08819bfcbff08056cff7b3c09fde14d3aca24d1a6990cf785444c4bee83a086e,97bab4ae36dbbef2a0e653c2800313c6b784331c4eb7d8ca9e0d095c8bf2ad1c,-2.0628321505443865,-1.1845150697687894
PatriciaCommins,390115newsML.txt,C50test/PatriciaCommins/390115newsML.txt,official_test,9fbb1dd4dc3024982d3c61f90f537d39322cbcc1feb8312943f0c235c9cc8336,339ab48de9ffa0475c28c0e0dcdc5f82a6a4de9efae16a53a78748c3f0030b03,-3.288911133868464,-0.7182278965936958
PatriciaCommins,391260newsML.txt,C50test/PatriciaCommins/391260newsML.txt,official_test,0d41dca8a1120bd95603ba58026ae30ec7c1b397afa793ce0ff9b046f7855fc1,fd0c2fbc8397a8db801c74e51148673e1e4dbc8ed57294614519036b28e2ced5,-1.3339936214939065,0.8312090220945415
PatriciaCommins,391445newsML.txt,C50test/PatriciaCommins/391445newsML.txt,official_test,b6579db4c54a0f039ec8d4cf19389ac2b742b3aacd7ddc8532fb1197b96ecdd8,2a6080cba6fab420ac3edf37742b75f244b1c3ad15e1d0241692f404f8ed43d4,-3.2559495402796914,-0.7824642591457536
PatriciaCommins,391498newsML.txt,C50test/PatriciaCommins/391498newsML.txt,official_test,3fbc15fe8c446d4768d350185859d8b028f27e3c693bf7e30dc01c6e0529db48,57b360ef4705053344a7f0da735cb18070e4e54b953222064956714b63673063,-1.876346358634414,-1.0707758335194477
PatriciaCommins,397964newsML.txt,C50test/PatriciaCommins/397964newsML.txt,official_test,d22a5e4b25ff3b0974d43e9672c6d95ce62b4779478ef3158adcdb0e7b25fa7c,26320e04f24659975dd971a16e181f1d371c6a1fbc3fa80796253eaff901a8b4,-1.132714473026233,-1.4773306884806277
PatriciaCommins,398230newsML.txt,C50test/PatriciaCommins/398230newsML.txt,official_test,8f14f7f56b486bf290937f36335167a37717434ea6a77c6034f94d96502fdfa7,bab52fa897d903650479e273e8890217e83728e17bd67e84736fa2b2ca5caf7c,-2.0565746298998198,-0.12824971680473993
PatriciaCommins,404398newsML.txt,C50test/PatriciaCommins/404398newsML.txt,official_test,76f892a15d6ac1a80af49c1d1394ed6f570e8a7c0e8e64b7ab541360e5a112c5,862cd89aeaf6398f0022c9c32404015074b2c75b3dbeecc7460e788c52259735,-2.6990806562811622,-0.7402011478532237
PatriciaCommins,404426newsML.txt,C50test/PatriciaCommins/404426newsML.txt,official_test,afcc645a3a8cb6f71b429fdb24692c1a131bdc37c0b23d6c76bc18b832f776e5,b9b13b164a484f124ed7d2c70b6504ab3b5e3d442680c8664d1b4d3402794518,-0.5266447290956068,1.4375820519416371
PatriciaCommins,404982newsML.txt,C50test/PatriciaCommins/404982newsML.txt,official_test,4973660501f67aa698aec4330511206f7cbd7a1fe99dde2f9faa0da8d9e06a23,51eb8bd1eb485a326bf8e860b9af57bb0ebd27489420bb89963a740dd8d38175,-2.6501049432382358,-0.6942256469032159
PatriciaCommins,404985newsML.txt,C50test/PatriciaCommins/404985newsML.txt,official_test,32d703ccfe9de1ca5fba53893f2c9f8c0c90db0c20e7d3fa66a172338cb802a4,a10e0a522481a1d9567b336c86df61320d44e7814492cb1c436ec187cf864a9e,-2.7221969484379205,-0.7782448759252504
PatriciaCommins,407636newsML.txt,C50test/PatriciaCommins/407636newsML.txt,official_test,f25375e105d62fa15dae6cd7faeacfeeb7000293ff52aea2a5484c40707541ae,6486a193bd00097e7d8013b568953f1fd33d792c96229c5b6329f03d25fe90cf,-0.6890850834063866,-0.7865349884081477
PatriciaCommins,413779newsML.txt,C50test/PatriciaCommins/413779newsML.txt,official_test,812593c5a74cfc841cf44e3301c70a80c104a84f899e7d1704f9af69146b7d72,6d9e2c3dd921152c478cc172d8a4019105ddab8093ed646a4eb8931cee194980,0.1174491773738994,-0.7485390012655682
PatriciaCommins,415401newsML.txt,C50test/PatriciaCommins/415401newsML.txt,official_test,cb8af09c098bc288fc135a939ecbf82a6efc49b55c01698a6e0580038b912045,7a76381ae833eba6fdff3bf3ccb37bd74a43f131d8313ed3306ba5deebf88395,0.10938019826634877,-0.7638616884940975
PatriciaCommins,429308newsML.txt,C50test/PatriciaCommins/429308newsML.txt,official_test,dc2219ca5238d937d45a1ccfd7429441e7e9499632460bfa33208ed24cad8c2a,7e2880972cc49dda5216de1be48413413b79c6fe97d6b33a056ec15f2f365300,-2.347081847431761,-0.2603749742122193
PatriciaCommins,43225newsML.txt,C50test/PatriciaCommins/43225newsML.txt,official_test,1b4e2955a7b2597a160a132a4118028f5b4d73169705e8d23811cf15f2d08443,d0539cdb8e7e269070d44fcfc6314aaab95152c3c4676692e26b61eb510461a4,-2.914607501779883,0.27763592593007863
PatriciaCommins,433550newsML.txt,C50test/PatriciaCommins/433550newsML.txt,official_test,c4088fecdff0f4032b5239cda38901e71579dd5c8bc6c9bd997f805d90054e09,c4c5dc9636c100c223c44e6339838a232838b6a447597a2c361724cbbcb80d81,-2.924658622824828,0.892806221652339
PatriciaCommins,436695newsML.txt,C50test/PatriciaCommins/436695newsML.txt,official_test,8b533cc0f5c3ab23f9b93968e61e42c9bd8c3cea41dd916d87f6b09f30ab3369,2c7941bf48d82b3be1f8ce4b214cb1add32789b852abbf144a6abeee5973a4a7,-2.705021835557926,-0.8801863883592376
PatriciaCommins,450332newsML.txt,C50test/PatriciaCommins/450332newsML.txt,official_test,2b04c008bcd48b2b68b2b22db3ea804bd647d64f6c0419f3df36b06ca1f9fa5b,eb7a5ff65bb651f1ceb3c6f464977bb45f48c2c876d657f9036d840d5aea3866,-2.4704409362112263,-0.07442313040298815
PatriciaCommins,456459newsML.txt,C50test/PatriciaCommins/456459newsML.txt,official_test,cc6c85a3772aef6e52153bc8abbb8d115dcf832c44e12065603d718fed44d3cd,c1b65fa90c7b88e048b9c59e17a6c65502b1fd9d1ff88f106217b4b3edae1d84,-1.9958582570706833,0.6896136550980224
PatriciaCommins,466395newsML.txt,C50test/PatriciaCommins/466395newsML.txt,official_test,d3e07145e3bc13df84730b7e80a1489bffe8fdc90ec509a362a9d3533792acbd,256b042ff2cc5a24df017502fb18934730e95968fe4ae8620384089226cbbe46,-1.791286725018414,-0.9085889019434354
